po_number,supplier_id,commodity,promised_date,delivery_date,qty_received,qty_rejected,unit_price_eur
4500000025,SUP-0001,Brazed heat exchangers,2026-02-12,2026-02-12,500,0,60.79
4500000039,SUP-0001,Brazed heat exchangers,2026-08-07,2026-08-07,200,0,64.93
4500000066,SUP-0001,Brazed heat exchangers,2026-01-19,2026-01-19,200,0,101.82
4500000071,SUP-0001,Brazed heat exchangers,2026-08-12,2026-08-24,5000,3,65.34
4500000087,SUP-0001,Brazed heat exchangers,2026-07-24,2026-07-24,5000,0,104.45
4500000098,SUP-0001,Brazed heat exchangers,2026-04-07,2026-04-07,100,0,14.64
4500000127,SUP-0001,Brazed heat exchangers,2026-07-27,2026-07-27,500,0,8.94
4500000151,SUP-0001,Brazed heat exchangers,2026-01-18,2026-01-18,1000,0,76.99
4500000167,SUP-0001,Brazed heat exchangers,2026-04-11,2026-04-11,5000,0,106.5
4500000178,SUP-0001,Brazed heat exchangers,2026-08-23,2026-08-23,500,0,88.82
4500000208,SUP-0001,Brazed heat exchangers,2026-02-01,2026-02-01,2000,0,8.68
4500000209,SUP-0001,Brazed heat exchangers,2026-08-18,2026-08-22,200,0,25.41
4500000239,SUP-0001,Brazed heat exchangers,2026-06-22,2026-06-22,100,0,78.75
4500000254,SUP-0001,Brazed heat exchangers,2026-06-05,2026-06-05,100,0,86.24
4500000257,SUP-0001,Brazed heat exchangers,2026-02-21,2026-02-21,2000,0,94.77
4500000265,SUP-0001,Brazed heat exchangers,2026-07-27,2026-07-27,100,0,26.67
4500000289,SUP-0001,Brazed heat exchangers,2026-04-25,2026-04-25,5000,1,85.33
4500000295,SUP-0001,Brazed heat exchangers,2026-05-10,2026-05-10,2000,1,1.8
4500000322,SUP-0001,Brazed heat exchangers,2026-05-28,2026-05-28,200,0,22.41
4500000340,SUP-0001,Brazed heat exchangers,2026-08-18,2026-08-18,2000,1,43.72
4500000357,0000100007,Packaging,2026-05-03,2026-05-12,200,0,17.67
4500000383,0000100007,Packaging,2026-01-12,2026-01-12,2000,0,82.66
4500000391,0000100007,Packaging,2026-04-22,2026-04-22,5000,0,56.46
4500000392,0000100007,Packaging,2026-07-29,2026-07-29,5000,1,20.27
4500000398,0000100007,Packaging,2026-08-24,2026-09-03,5000,1,86.63
4500000407,0000100007,Packaging,2026-08-07,2026-08-22,2000,1,6.78
4500000421,0000100007,Packaging,2026-02-10,2026-02-10,200,1,76.83
4500000429,0000100007,Packaging,2026-02-24,2026-02-24,1000,0,43.11
4500000439,0000100007,Packaging,2026-02-15,2026-02-15,1000,0,10.66
4500000450,0000100007,Packaging,2026-02-05,2026-02-05,200,0,50.41
4500000475,0000100007,Packaging,2026-06-05,2026-06-05,500,0,56.84
4500000494,0000100007,Packaging,2026-05-15,2026-05-15,200,0,28.33
4500000507,0000100007,Packaging,2026-01-22,2026-01-22,500,0,88.22
4500000530,0000100007,Packaging,2026-06-30,2026-07-11,200,0,56.1
4500000548,0000100007,Packaging,2026-01-06,2026-01-06,5000,0,57.48
4500000571,0000100007,Packaging,2026-08-28,2026-08-28,1000,0,74.56
4500000592,0000100007,Packaging,2026-06-23,2026-06-23,100,0,113.94
4500000604,0000100007,Packaging,2026-06-27,2026-07-10,500,0,71.01
4500000615,0000100007,Packaging,2026-07-29,2026-08-07,2000,0,48.6
4500000619,0000100007,Packaging,2026-02-08,2026-02-21,100,0,74.16
4500000634,0000100007,Packaging,2026-05-11,2026-05-11,2000,0,107.47
4500000652,0000100007,Packaging,2026-07-26,2026-08-06,1000,0,14.39
4500000672,0000100007,Packaging,2026-06-09,2026-06-09,500,0,2.5
4500000675,0000100007,Packaging,2026-04-07,2026-04-18,2000,1,1.93
4500000698,0000100007,Packaging,2026-04-11,2026-04-11,200,0,25.56
4500000703,0000100007,Packaging,2026-02-11,2026-02-11,200,0,7.38
4500000727,0000100007,Packaging,2026-07-08,2026-07-10,200,0,66.33
4500000730,0000100007,Packaging,2026-07-21,2026-07-28,200,0,5.26
4500000754,0000100007,Packaging,2026-04-13,2026-04-13,5000,1,104.81
4500000756,0000100007,Packaging,2026-01-26,2026-01-26,100,0,5.16
4500000779,0000100007,Packaging,2026-06-15,2026-06-15,1000,0,19.86
4500000799,0000100007,Packaging,2026-04-06,2026-04-06,200,0,43.6
4500000813,0000100007,Packaging,2026-03-29,2026-03-29,500,0,53.82
4500000814,0000100007,Packaging,2026-06-26,2026-06-26,200,0,20.28
4500000840,0000100007,Packaging,2026-04-04,2026-04-04,5000,0,7.54
4500000862,0000100007,Packaging,2026-08-24,2026-08-24,1000,0,65.91
4500000863,0000100007,Packaging,2026-04-30,2026-04-30,100,0,72.32
4500000876,0000100007,Packaging,2026-05-15,2026-05-29,100,0,109.82
4500000881,0000100007,Packaging,2026-05-12,2026-05-12,1000,0,19.22
4500000898,0000100007,Packaging,2026-07-29,2026-08-10,2000,1,112.68
4500000905,0000100007,Packaging,2026-05-30,2026-05-30,5000,3,49.35
4500000934,0000100007,Packaging,2026-02-28,2026-03-13,2000,1,98.64
4500000945,0000100007,Packaging,2026-02-14,2026-02-14,2000,0,58.9
4500000975,0000100007,Packaging,2026-01-26,2026-01-26,100,0,18.32
4500000994,0000100007,Packaging,2026-04-21,2026-05-01,2000,1,51.56
4500000998,0000100007,Packaging,2026-04-11,2026-04-11,100,0,72.93
4500001027,0000100007,Packaging,2026-07-09,2026-07-11,5000,0,54.14
4500001029,0000100007,Packaging,2026-05-11,2026-05-16,200,0,8.27
4500001055,0000100007,Packaging,2026-04-09,2026-04-09,2000,1,113.2
4500001081,0000100007,Packaging,2026-06-19,2026-06-19,1000,0,77.35
4500001103,0000100007,Packaging,2026-07-02,2026-07-02,100,0,6.04
4500001129,0000100007,Packaging,2026-06-27,2026-06-27,2000,0,118.6
4500001153,0000100007,Packaging,2026-09-02,2026-09-02,5000,1,102.23
4500001169,0000100011,Plastic housings,2026-01-11,2026-01-11,100,0,26.24
4500001198,0000100011,Plastic housings,2026-07-07,2026-07-07,500,1,41.52
4500001225,0000100011,Plastic housings,2026-05-13,2026-05-13,200,1,20.07
4500001234,0000100011,Plastic housings,2026-03-12,2026-03-12,200,1,19.75
4500001237,0000100011,Plastic housings,2026-06-15,2026-06-15,2000,1,102.65
4500001263,0000100011,Plastic housings,2026-03-26,2026-03-26,5000,4,46.33
4500001267,0000100011,Plastic housings,2026-05-26,2026-05-26,200,1,109.83
4500001286,0000100011,Plastic housings,2026-04-09,2026-04-09,1000,1,91.54
4500001298,0000100011,Plastic housings,2026-04-12,2026-04-15,1000,1,70.08
4500001309,0000100011,Plastic housings,2026-07-21,2026-07-21,200,1,55.27
4500001334,0000100011,Plastic housings,2026-09-02,2026-09-02,500,1,57.95
4500001356,0000100014,Packaging,2026-02-18,2026-02-18,2000,8,23.26
4500001375,0000100014,Packaging,2026-01-21,2026-01-21,200,0,66.6
4500001392,0000100014,Packaging,2026-06-23,2026-06-23,200,4,80.45
4500001401,0000100014,Packaging,2026-03-26,2026-04-07,100,0,62.06
4500001424,0000100014,Packaging,2026-06-04,2026-06-04,200,0,2.06
4500001430,0000100014,Packaging,2026-08-24,2026-08-26,200,0,111.88
4500001459,0000100014,Packaging,2026-07-13,2026-07-13,500,2,81.14
4500001482,0000100014,Packaging,2026-04-23,2026-04-23,5000,25,107.14
4500001483,0000100014,Packaging,2026-01-11,2026-01-18,2000,9,64.0
4500001488,0000100014,Packaging,2026-04-06,2026-04-12,500,1,65.45
4500001505,0000100014,Packaging,2026-05-30,2026-05-30,2000,10,59.84
4500001513,0000100014,Packaging,2026-04-23,2026-04-23,100,1,29.41
4500001527,0000100014,Packaging,2026-03-31,2026-03-31,100,1,27.07
4500001544,0000100014,Packaging,2026-03-07,2026-03-17,200,0,24.19
4500001555,SUP-0004,Valves,2026-07-17,2026-07-17,5000,1,9.92
4500001570,SUP-0004,Valves,2026-03-08,2026-03-08,200,0,36.99
4500001600,SUP-0004,Valves,2026-02-01,2026-02-01,1000,0,111.44
4500001616,SUP-0004,Valves,2026-02-05,2026-02-17,5000,2,89.19
4500001640,SUP-0004,Valves,2026-07-15,2026-07-15,2000,0,48.83
4500001647,SUP-0004,Valves,2026-04-25,2026-04-25,1000,0,11.43
4500001648,SUP-0004,Valves,2026-07-03,2026-07-03,1000,0,12.57
4500001666,SUP-0004,Valves,2026-06-29,2026-06-29,500,0,40.53
4500001688,SUP-0004,Valves,2026-03-30,2026-03-30,1000,0,50.28
4500001691,SUP-0004,Valves,2026-02-13,2026-02-13,100,1,65.39
4500001700,SUP-0004,Valves,2026-02-23,2026-02-23,1000,0,67.75
4500001703,SUP-0004,Valves,2026-09-01,2026-09-01,1000,0,15.67
4500001717,SUP-0004,Valves,2026-02-06,2026-02-06,100,0,83.85
4500001741,SUP-0004,Valves,2026-01-16,2026-01-16,100,0,13.99
4500001743,SUP-0004,Valves,2026-03-02,2026-03-02,5000,0,32.56
4500001770,SUP-0004,Valves,2026-04-08,2026-04-08,500,0,19.84
4500001776,SUP-0004,Valves,2026-01-05,2026-01-05,2000,1,87.27
4500001780,SUP-0004,Valves,2026-07-30,2026-07-30,5000,0,26.91
4500001808,SUP-0004,Valves,2026-04-05,2026-04-05,500,0,119.56
4500001838,SUP-0004,Valves,2026-07-15,2026-07-15,2000,1,53.32
4500001856,SUP-0004,Valves,2026-02-24,2026-02-24,200,0,58.21
4500001868,SUP-0004,Valves,2026-04-05,2026-04-05,2000,0,118.78
4500001890,SUP-0004,Valves,2026-05-13,2026-05-13,100,0,50.54
4500001896,SUP-0004,Valves,2026-01-16,2026-01-16,500,0,14.71
4500001911,SUP-0004,Valves,2026-07-23,2026-07-23,1000,1,30.25
4500001921,SUP-0004,Valves,2026-03-21,2026-03-21,5000,0,4.31
4500001932,SUP-0004,Valves,2026-07-11,2026-07-11,5000,0,54.52
4500001942,SUP-0004,Valves,2026-05-01,2026-05-01,500,0,88.14
4500001950,SUP-0004,Valves,2026-07-24,2026-07-24,5000,1,81.3
4500001964,SUP-0004,Valves,2026-01-13,2026-01-13,2000,0,63.21
4500001974,SUP-0004,Valves,2026-07-29,2026-07-29,500,0,40.76
4500002000,SUP-0004,Valves,2026-07-12,2026-07-12,1000,0,12.7
4500002029,SUP-0004,Valves,2026-05-09,2026-05-09,200,0,107.5
4500002057,SUP-0004,Valves,2026-04-27,2026-04-27,200,0,38.03
4500002063,SUP-0004,Valves,2026-07-06,2026-07-06,500,0,7.75
4500002071,SUP-0004,Valves,2026-03-30,2026-03-30,200,0,106.94
4500002078,SUP-0004,Valves,2026-02-12,2026-02-12,500,0,61.35
4500002087,SUP-0004,Valves,2026-04-27,2026-04-27,2000,1,118.61
4500002091,SUP-0004,Valves,2026-07-18,2026-07-18,200,0,81.71
4500002098,SUP-0004,Valves,2026-02-26,2026-02-26,5000,0,68.94
4500002102,SUP-0004,Valves,2026-02-25,2026-02-25,200,0,28.38
4500002121,SUP-0004,Valves,2026-08-18,2026-08-18,100,0,68.81
4500002149,SUP-0004,Valves,2026-06-08,2026-06-08,1000,0,15.12
4500002159,SUP-0004,Valves,2026-04-21,2026-04-21,100,0,108.33
4500002172,SUP-0004,Valves,2026-03-07,2026-03-07,1000,0,29.61
4500002185,SUP-0004,Valves,2026-06-16,2026-06-16,2000,0,97.35
4500002210,SUP-0004,Valves,2026-07-06,2026-07-06,100,0,7.0
4500002218,SUP-0004,Valves,2026-06-07,2026-06-07,2000,0,101.14
4500002231,SUP-0004,Valves,2026-02-14,2026-02-14,100,0,117.48
4500002255,SUP-0004,Valves,2026-04-27,2026-05-12,100,0,37.62
4500002278,SUP-0004,Valves,2026-01-05,2026-01-05,100,0,22.47
4500002292,SUP-0004,Valves,2026-05-14,2026-05-14,5000,0,42.07
4500002315,SUP-0004,Valves,2026-02-17,2026-02-17,2000,0,59.5
4500002343,SUP-0004,Valves,2026-05-23,2026-05-23,1000,0,43.25
4500002363,SUP-0004,Valves,2026-05-28,2026-05-28,500,0,91.5
4500002386,SUP-0004,Valves,2026-04-09,2026-04-09,500,0,78.95
4500002397,SUP-0004,Valves,2026-02-09,2026-02-09,100,0,40.97
4500002426,SUP-0004,Valves,2026-04-07,2026-04-07,100,0,19.86
4500002448,SUP-0004,Valves,2026-05-21,2026-05-21,1000,0,31.38
4500002471,SUP-0004,Valves,2026-05-02,2026-05-02,500,0,97.9
4500002484,SUP-0004,Valves,2026-03-02,2026-03-02,500,0,82.04
4500002500,SUP-0004,Valves,2026-05-24,2026-05-24,200,0,65.22
4500002506,SUP-0004,Valves,2026-07-01,2026-07-01,5000,1,60.46
4500002534,SUP-0004,Valves,2026-03-26,2026-03-26,2000,0,16.51
4500002554,SUP-0004,Valves,2026-02-02,2026-02-02,500,0,36.47
4500002574,SUP-0004,Valves,2026-07-25,2026-07-25,2000,0,100.1
4500002598,SUP-0004,Valves,2026-08-05,2026-08-05,200,0,90.5
4500002613,SUP-0004,Valves,2026-05-25,2026-06-08,100,0,78.51
4500002633,SUP-0004,Valves,2026-06-13,2026-06-13,5000,1,116.66
4500002639,SUP-0004,Valves,2026-08-24,2026-08-24,2000,0,3.29
4500002647,SUP-0004,Valves,2026-04-27,2026-04-27,5000,0,54.74
4500002653,SUP-0004,Valves,2026-02-25,2026-02-25,5000,0,40.99
4500002664,SUP-0004,Valves,2026-04-10,2026-04-10,100,0,3.18
4500002666,SUP-0004,Valves,2026-02-14,2026-02-14,5000,4,33.81
4500002675,SUP-0004,Valves,2026-05-26,2026-06-08,100,0,87.99
4500002678,SUP-0004,Valves,2026-08-29,2026-08-29,1000,0,73.67
4500002683,SUP-0004,Valves,2026-04-12,2026-04-12,1000,0,45.51
4500002710,SUP-0004,Valves,2026-02-24,2026-02-28,500,1,32.85
4500002718,SUP-0004,Valves,2026-01-29,2026-01-29,500,0,55.65
4500002734,SUP-0004,Valves,2026-01-11,2026-01-11,5000,1,95.73
4500002764,SUP-0004,Valves,2026-04-18,2026-04-18,200,0,51.3
4500002781,SUP-0004,Valves,2026-02-27,2026-02-27,200,0,78.62
4500002800,SUP-0004,Valves,2026-07-31,2026-07-31,500,0,33.48
4500002816,SUP-0004,Valves,2026-03-18,2026-03-18,2000,0,101.09
4500002842,SUP-0004,Valves,2026-01-05,2026-01-05,500,0,30.84
4500002860,SUP-0004,Valves,2026-05-26,2026-05-26,5000,1,107.73
4500002864,SUP-0004,Valves,2026-07-25,2026-08-01,1000,0,52.68
4500002878,SUP-0004,Valves,2026-02-22,2026-02-22,200,0,49.73
4500002883,SUP-0004,Valves,2026-03-27,2026-03-27,1000,0,46.86
4500002907,0000100019,Aluminium castings,2026-06-01,2026-06-01,200,0,57.27
4500002922,0000100019,Aluminium castings,2026-06-19,2026-06-19,100,1,2.5
4500002936,0000100019,Aluminium castings,2026-03-01,2026-03-01,500,0,75.84
4500002955,0000100019,Aluminium castings,2026-02-18,2026-02-18,500,2,12.96
4500002981,0000100019,Aluminium castings,2026-01-30,2026-01-30,2000,0,104.51
4500002989,0000100019,Aluminium castings,2026-02-26,2026-02-26,500,0,100.11
4500002995,0000100019,Aluminium castings,2026-03-10,2026-03-10,1000,0,27.17
4500003024,0000100019,Aluminium castings,2026-07-09,2026-07-09,200,0,103.67
4500003048,0000100019,Aluminium castings,2026-02-01,2026-02-01,1000,1,93.75
4500003078,0000100019,Aluminium castings,2026-05-21,2026-05-21,500,0,50.44
4500003104,0000100019,Aluminium castings,2026-05-16,2026-05-16,5000,6,52.73
4500003122,0000100019,Aluminium castings,2026-03-01,2026-03-01,2000,2,108.34
4500003151,0000100019,Aluminium castings,2026-08-18,2026-08-18,100,0,2.09
4500003172,0000100019,Aluminium castings,2026-02-14,2026-02-14,1000,1,98.23
4500003202,0000100019,Aluminium castings,2026-02-26,2026-02-26,1000,1,78.98
4500003213,0000100019,Aluminium castings,2026-05-18,2026-05-18,500,0,8.61
4500003216,0000100019,Aluminium castings,2026-03-19,2026-03-19,500,0,37.03
4500003242,0000100019,Aluminium castings,2026-02-15,2026-02-15,5000,9,77.27
4500003258,0000100019,Aluminium castings,2026-04-28,2026-04-28,1000,0,111.1
4500003265,0000100019,Aluminium castings,2026-03-28,2026-03-28,5000,3,99.99
4500003270,0000100019,Aluminium castings,2026-04-27,2026-04-27,2000,0,33.5
4500003287,0000100019,Aluminium castings,2026-02-17,2026-02-17,500,0,107.74
4500003305,0000100019,Aluminium castings,2026-01-09,2026-01-09,100,0,73.86
4500003331,0000100019,Aluminium castings,2026-03-23,2026-03-23,1000,0,85.39
4500003361,0000100019,Aluminium castings,2026-07-28,2026-07-28,500,1,60.98
4500003387,0000100019,Aluminium castings,2026-05-06,2026-05-06,100,0,18.56
4500003390,0000100019,Aluminium castings,2026-08-01,2026-08-01,200,0,72.72
4500003400,0000100019,Aluminium castings,2026-08-03,2026-08-11,500,0,70.52
4500003402,0000100019,Aluminium castings,2026-05-29,2026-05-29,100,0,65.4
4500003412,0000100019,Aluminium castings,2026-06-06,2026-06-06,100,0,12.5
4500003435,0000100019,Aluminium castings,2026-03-01,2026-03-01,5000,3,103.58
4500003446,0000100019,Aluminium castings,2026-03-22,2026-03-22,5000,3,77.28
4500003470,0000100019,Aluminium castings,2026-03-24,2026-03-24,1000,1,109.69
4500003478,0000100019,Aluminium castings,2026-04-26,2026-05-01,2000,0,96.29
4500003496,0000100019,Aluminium castings,2026-06-19,2026-06-19,2000,1,2.32
4500003519,0000100019,Aluminium castings,2026-06-11,2026-06-18,1000,1,21.29
4500003525,0000100019,Aluminium castings,2026-05-06,2026-05-06,2000,0,82.64
4500003532,0000100019,Aluminium castings,2026-04-15,2026-04-15,1000,1,23.89
4500003542,0000100019,Aluminium castings,2026-04-18,2026-04-18,1000,0,62.09
4500003547,0000100019,Aluminium castings,2026-05-16,2026-05-16,2000,2,56.14
4500003553,0000100019,Aluminium castings,2026-08-06,2026-08-06,500,0,107.11
4500003564,0000100019,Aluminium castings,2026-03-25,2026-03-25,200,0,101.44
4500003570,0000100019,Aluminium castings,2026-01-27,2026-01-27,2000,3,63.85
4500003598,0000100019,Aluminium castings,2026-07-31,2026-07-31,500,0,36.66
4500003611,0000100019,Aluminium castings,2026-08-28,2026-08-28,1000,1,26.78
4500003637,0000100019,Aluminium castings,2026-01-05,2026-01-05,200,0,48.68
4500003656,0000100019,Aluminium castings,2026-01-30,2026-01-30,1000,1,70.05
4500003658,0000100019,Aluminium castings,2026-08-19,2026-08-19,2000,4,3.01
4500003670,0000100019,Aluminium castings,2026-04-17,2026-04-17,100,0,85.14
4500003695,0000100019,Aluminium castings,2026-06-23,2026-06-23,2000,0,52.33
4500003705,0000100019,Aluminium castings,2026-05-30,2026-05-30,100,0,111.38
4500003707,SUP-0006,Valves,2026-03-31,2026-03-31,5000,7,111.79
4500003715,SUP-0006,Valves,2026-07-14,2026-07-14,5000,5,15.75
4500003736,SUP-0006,Valves,2026-08-07,2026-08-07,100,0,21.35
4500003751,SUP-0006,Valves,2026-01-12,2026-01-12,1000,1,89.32
4500003765,SUP-0006,Valves,2026-03-06,2026-03-06,5000,6,59.23
4500003792,SUP-0006,Valves,2026-01-19,2026-01-19,1000,3,83.88
4500003806,SUP-0006,Valves,2026-06-12,2026-06-20,2000,0,63.48
4500003810,SUP-0006,Valves,2026-04-18,2026-04-18,1000,2,87.91
4500003838,SUP-0006,Valves,2026-07-20,2026-08-02,500,1,5.97
4500003850,SUP-0006,Valves,2026-06-01,2026-06-01,100,0,35.87
4500003870,SUP-0006,Valves,2026-01-18,2026-01-18,2000,4,28.56
4500003899,SUP-0006,Valves,2026-05-26,2026-05-26,2000,2,116.26
4500003922,SUP-0006,Valves,2026-03-20,2026-03-21,200,1,38.79
4500003923,SUP-0006,Valves,2026-08-26,2026-08-26,500,0,28.95
4500003931,SUP-0006,Valves,2026-07-14,2026-07-14,2000,2,117.55
4500003958,SUP-0006,Valves,2026-01-30,2026-01-30,2000,1,106.41
4500003986,SUP-0006,Valves,2026-05-27,2026-06-01,500,0,2.72
4500004002,SUP-0006,Valves,2026-01-18,2026-01-21,100,0,47.96
4500004005,0000100026,Plastic housings,2026-03-29,2026-03-29,200,1,45.88
4500004030,0000100026,Plastic housings,2026-02-10,2026-02-10,100,1,26.4
4500004034,0000100026,Plastic housings,2026-08-22,2026-08-22,1000,2,76.23
4500004064,0000100026,Plastic housings,2026-02-21,2026-02-21,5000,5,47.41
4500004076,0000100026,Plastic housings,2026-08-20,2026-08-20,5000,4,83.82
4500004102,0000100026,Plastic housings,2026-08-01,2026-08-01,1000,0,13.23
4500004131,0000100026,Plastic housings,2026-02-20,2026-02-20,100,0,111.96
4500004161,0000100026,Plastic housings,2026-06-24,2026-06-24,200,0,30.0
4500004189,0000100026,Plastic housings,2026-04-19,2026-04-19,100,0,4.21
4500004197,0000100026,Plastic housings,2026-06-04,2026-06-16,500,0,94.23
4500004220,0000100026,Plastic housings,2026-08-10,2026-08-10,1000,0,8.51
4500004230,0000100026,Plastic housings,2026-07-13,2026-07-13,1000,0,39.38
4500004258,0000100026,Plastic housings,2026-08-17,2026-08-17,1000,1,36.79
4500004286,0000100026,Plastic housings,2026-04-24,2026-04-24,500,0,47.71
4500004309,0000100026,Plastic housings,2026-07-20,2026-07-20,2000,2,52.18
4500004338,0000100026,Plastic housings,2026-04-02,2026-04-02,100,0,67.07
4500004341,0000100026,Plastic housings,2026-08-29,2026-08-29,200,0,37.27
4500004351,0000100026,Plastic housings,2026-03-29,2026-03-29,1000,2,34.88
4500004371,0000100026,Plastic housings,2026-02-09,2026-02-09,500,1,77.01
4500004372,0000100026,Plastic housings,2026-03-16,2026-03-30,1000,1,45.22
4500004387,0000100026,Plastic housings,2026-04-20,2026-04-20,5000,3,96.11
4500004401,0000100026,Plastic housings,2026-04-10,2026-04-10,5000,3,113.44
4500004420,0000100026,Plastic housings,2026-07-15,2026-07-15,1000,1,79.51
4500004434,0000100026,Plastic housings,2026-03-30,2026-03-30,500,1,119.94
4500004451,0000100026,Plastic housings,2026-02-26,2026-02-26,200,0,7.23
4500004454,0000100026,Plastic housings,2026-08-20,2026-08-20,1000,0,93.74
4500004472,0000100026,Plastic housings,2026-04-19,2026-04-19,100,0,87.97
4500004479,0000100026,Plastic housings,2026-06-30,2026-06-30,200,0,110.33
4500004489,0000100026,Plastic housings,2026-04-07,2026-04-07,2000,1,39.3
4500004502,0000100026,Plastic housings,2026-06-14,2026-06-14,500,0,53.76
4500004508,0000100026,Plastic housings,2026-05-04,2026-05-04,1000,2,113.52
4500004534,0000100026,Plastic housings,2026-04-15,2026-04-15,100,1,23.28
4500004555,0000100026,Plastic housings,2026-07-31,2026-07-31,500,0,46.37
4500004566,0000100026,Plastic housings,2026-01-08,2026-01-08,5000,5,104.3
4500004578,0000100026,Plastic housings,2026-05-28,2026-05-28,2000,2,43.05
4500004597,0000100026,Plastic housings,2026-08-17,2026-08-17,2000,2,65.66
4500004613,0000100026,Plastic housings,2026-01-14,2026-01-14,200,0,39.48
4500004636,0000100026,Plastic housings,2026-03-12,2026-03-12,5000,5,91.82
4500004660,0000100026,Plastic housings,2026-08-25,2026-08-25,500,0,48.08
4500004670,0000100026,Plastic housings,2026-04-04,2026-04-08,2000,1,18.04
4500004689,0000100026,Plastic housings,2026-02-11,2026-02-16,500,0,91.33
4500004710,0000100026,Plastic housings,2026-08-19,2026-08-19,500,1,91.9
4500004718,0000100026,Plastic housings,2026-03-28,2026-03-28,1000,0,31.92
4500004742,0000100026,Plastic housings,2026-08-06,2026-08-06,500,1,2.12
4500004753,0000100026,Plastic housings,2026-02-04,2026-02-04,1000,1,30.38
4500004755,0000100026,Plastic housings,2026-04-02,2026-04-02,2000,2,95.06
4500004759,0000100026,Plastic housings,2026-03-06,2026-03-21,200,0,4.52
4500004767,0000100026,Plastic housings,2026-02-07,2026-02-07,1000,1,42.39
4500004783,0000100026,Plastic housings,2026-02-22,2026-02-22,500,0,5.42
4500004787,0000100026,Plastic housings,2026-05-09,2026-05-09,2000,3,106.61
4500004797,0000100026,Plastic housings,2026-03-01,2026-03-01,500,1,56.69
4500004822,0000100026,Plastic housings,2026-04-03,2026-04-03,1000,0,106.98
4500004840,0000100026,Plastic housings,2026-05-13,2026-05-15,5000,5,101.93
4500004864,0000100026,Plastic housings,2026-06-18,2026-06-18,5000,2,9.84
4500004890,0000100026,Plastic housings,2026-07-29,2026-07-29,500,0,97.58
4500004908,0000100026,Plastic housings,2026-08-05,2026-08-05,1000,0,21.72
4500004920,0000100026,Plastic housings,2026-06-27,2026-06-27,200,2,116.93
4500004944,0000100026,Plastic housings,2026-01-16,2026-01-16,100,0,63.45
4500004964,0000100026,Plastic housings,2026-06-23,2026-06-28,100,0,49.55
4500004981,0000100026,Plastic housings,2026-01-15,2026-01-15,1000,1,119.38
4500004997,0000100026,Plastic housings,2026-04-20,2026-04-20,100,0,52.45
4500005014,0000100026,Plastic housings,2026-01-31,2026-01-31,2000,1,101.02
4500005030,0000100026,Plastic housings,2026-07-21,2026-07-21,200,0,93.41
4500005059,0000100026,Plastic housings,2026-02-07,2026-02-07,1000,0,33.72
4500005063,0000100026,Plastic housings,2026-05-02,2026-05-08,2000,2,12.21
4500005068,0000100026,Plastic housings,2026-01-09,2026-01-09,200,0,37.92
4500005082,0000100026,Plastic housings,2026-02-20,2026-02-20,1000,2,58.38
4500005092,0000100026,Plastic housings,2026-07-16,2026-07-16,200,0,17.62
4500005107,0000100026,Plastic housings,2026-07-22,2026-07-22,100,0,41.62
4500005133,0000100026,Plastic housings,2026-03-31,2026-04-02,5000,5,25.61
4500005163,0000100026,Plastic housings,2026-06-29,2026-06-29,5000,0,32.64
4500005182,0000100026,Plastic housings,2026-07-17,2026-07-17,100,0,15.91
4500005196,0000100026,Plastic housings,2026-01-22,2026-01-22,2000,1,62.56
4500005211,0000100026,Plastic housings,2026-01-09,2026-01-09,100,0,47.73
4500005230,0000100026,Plastic housings,2026-02-04,2026-02-04,200,0,68.05
4500005232,0000100026,Plastic housings,2026-09-02,2026-09-02,1000,2,80.99
4500005247,0000100026,Plastic housings,2026-03-11,2026-03-25,1000,0,53.6
4500005253,0000100026,Plastic housings,2026-07-28,2026-08-10,500,0,14.17
4500005276,0000100026,Plastic housings,2026-07-07,2026-07-22,200,0,116.19
4500005283,0000100026,Plastic housings,2026-01-22,2026-01-22,1000,1,80.05
4500005303,0000100026,Plastic housings,2026-02-07,2026-02-07,2000,2,1.44
4500005322,0000100026,Plastic housings,2026-03-04,2026-03-04,200,0,68.96
4500005337,0000100026,Plastic housings,2026-06-10,2026-06-13,5000,5,86.55
4500005357,0000100026,Plastic housings,2026-02-18,2026-02-18,500,0,101.24
4500005368,0000100026,Plastic housings,2026-05-28,2026-05-28,500,0,64.53
4500005385,0000100026,Plastic housings,2026-03-14,2026-03-14,2000,2,82.22
4500005392,0000100026,Plastic housings,2026-08-25,2026-08-25,2000,0,23.49
4500005416,0000100027,Brazed heat exchangers,2026-03-31,2026-03-31,500,4,48.75
4500005425,0000100027,Brazed heat exchangers,2026-02-19,2026-02-28,500,2,81.99
4500005437,0000100027,Brazed heat exchangers,2026-07-02,2026-07-11,2000,6,71.87
4500005462,0000100027,Brazed heat exchangers,2026-05-24,2026-05-24,5000,24,85.44
4500005480,0000100027,Brazed heat exchangers,2026-05-12,2026-05-12,200,3,118.3
4500005484,0000100027,Brazed heat exchangers,2026-05-31,2026-05-31,200,1,68.18
4500005512,0000100027,Brazed heat exchangers,2026-04-25,2026-04-25,1000,4,117.82
4500005516,0000100027,Brazed heat exchangers,2026-04-16,2026-04-22,2000,5,36.0
4500005536,0000100027,Brazed heat exchangers,2026-06-18,2026-06-24,500,3,33.26
4500005555,0000100027,Brazed heat exchangers,2026-02-21,2026-02-27,500,2,30.11
4500005561,0000100027,Brazed heat exchangers,2026-06-01,2026-06-03,2000,7,21.3
4500005579,0000100027,Brazed heat exchangers,2026-07-10,2026-07-10,2000,8,56.46
4500005605,0000100027,Brazed heat exchangers,2026-02-21,2026-02-21,500,3,98.44
4500005626,0000100027,Brazed heat exchangers,2026-02-13,2026-02-13,500,1,38.64
4500005631,0000100027,Brazed heat exchangers,2026-03-23,2026-03-23,2000,7,39.23
4500005648,0000100027,Brazed heat exchangers,2026-03-30,2026-04-07,5000,29,110.54
4500005667,0000100027,Brazed heat exchangers,2026-08-15,2026-08-15,500,1,73.33
4500005668,0000100027,Brazed heat exchangers,2026-05-22,2026-05-22,200,3,84.84
4500005680,0000100027,Brazed heat exchangers,2026-04-03,2026-04-03,200,1,110.91
4500005697,0000100027,Brazed heat exchangers,2026-01-30,2026-02-14,100,1,42.71
4500005722,0000100027,Brazed heat exchangers,2026-05-26,2026-06-01,1000,4,33.21
4500005724,0000100029,Hoses & connectors,2026-07-31,2026-08-05,2000,0,110.08
4500005754,0000100029,Hoses & connectors,2026-05-27,2026-05-27,200,0,110.42
4500005759,0000100029,Hoses & connectors,2026-06-26,2026-06-26,2000,0,96.9
4500005789,0000100029,Hoses & connectors,2026-03-06,2026-03-06,100,0,86.93
4500005819,0000100029,Hoses & connectors,2026-02-13,2026-02-13,200,0,19.17
4500005848,0000100029,Hoses & connectors,2026-07-18,2026-07-18,1000,0,116.23
4500005849,0000100029,Hoses & connectors,2026-08-07,2026-08-18,500,0,36.85
4500005865,0000100029,Hoses & connectors,2026-08-29,2026-09-04,1000,0,105.85
4500005880,0000100029,Hoses & connectors,2026-02-07,2026-02-07,5000,1,63.73
4500005903,0000100029,Hoses & connectors,2026-07-04,2026-07-04,2000,0,18.28
4500005926,0000100029,Hoses & connectors,2026-08-05,2026-08-11,2000,0,119.3
4500005928,0000100029,Hoses & connectors,2026-08-27,2026-08-27,100,0,11.07
4500005936,0000100029,Hoses & connectors,2026-03-12,2026-03-12,5000,2,9.84
4500005946,0000100029,Hoses & connectors,2026-05-20,2026-05-20,500,0,58.63
4500005970,0000100029,Hoses & connectors,2026-03-01,2026-03-03,1000,0,15.28
4500005975,0000100029,Hoses & connectors,2026-05-23,2026-05-23,5000,1,100.22
4500005977,0000100030,Rubber seals,2026-01-08,2026-01-08,500,1,110.38
4500006002,0000100030,Rubber seals,2026-07-12,2026-07-12,5000,3,85.86
4500006022,0000100030,Rubber seals,2026-03-28,2026-03-28,2000,3,105.54
4500006033,0000100030,Rubber seals,2026-01-06,2026-01-06,500,2,46.79
4500006039,0000100030,Rubber seals,2026-07-26,2026-08-05,100,1,55.68
4500006051,0000100030,Rubber seals,2026-03-01,2026-03-10,500,0,114.86
4500006052,0000100030,Rubber seals,2026-01-24,2026-01-29,5000,7,67.5
4500006062,0000100030,Rubber seals,2026-03-11,2026-03-11,100,0,70.02
4500006085,0000100030,Rubber seals,2026-05-20,2026-05-20,100,0,71.52
4500006103,0000100030,Rubber seals,2026-07-02,2026-07-02,100,0,17.66
4500006129,0000100030,Rubber seals,2026-07-28,2026-07-28,1000,3,95.45
4500006156,0000100030,Rubber seals,2026-07-10,2026-07-10,500,0,49.36
4500006184,0000100030,Rubber seals,2026-08-02,2026-08-02,100,0,65.34
4500006186,0000100030,Rubber seals,2026-02-11,2026-02-11,1000,0,41.56
4500006214,0000100030,Rubber seals,2026-06-05,2026-06-05,200,0,0.85
4500006237,0000100030,Rubber seals,2026-05-24,2026-05-24,500,0,53.42
4500006259,0000100030,Rubber seals,2026-08-18,2026-08-18,5000,3,1.12
4500006267,0000100030,Rubber seals,2026-03-07,2026-03-07,1000,0,25.52
4500006290,0000100030,Rubber seals,2026-03-04,2026-03-04,200,0,12.31
4500006294,0000100030,Rubber seals,2026-03-29,2026-03-29,1000,1,112.17
4500006312,0000100030,Rubber seals,2026-01-30,2026-01-30,100,0,54.62
4500006316,0000100030,Rubber seals,2026-01-23,2026-01-23,5000,5,95.6
4500006346,0000100030,Rubber seals,2026-05-03,2026-05-03,100,1,107.63
4500006373,0000100030,Rubber seals,2026-07-13,2026-07-13,1000,1,83.0
4500006391,0000100035,Valves,2026-06-20,2026-06-20,200,0,24.8
4500006402,0000100035,Valves,2026-01-21,2026-01-21,100,0,57.44
4500006423,0000100035,Valves,2026-08-31,2026-08-31,1000,0,0.68
4500006425,0000100035,Valves,2026-05-18,2026-05-18,100,0,118.11
4500006430,0000100035,Valves,2026-02-25,2026-02-25,500,1,49.93
4500006448,0000100035,Valves,2026-08-31,2026-08-31,100,0,113.0
4500006472,0000100035,Valves,2026-08-18,2026-08-18,100,0,4.86
4500006492,0000100035,Valves,2026-07-05,2026-07-05,100,0,3.43
4500006509,0000100035,Valves,2026-08-06,2026-08-06,1000,0,43.07
4500006510,0000100035,Valves,2026-08-27,2026-08-27,2000,0,84.17
4500006516,0000100040,Brazed heat exchangers,2026-08-05,2026-08-05,5000,0,75.86
4500006525,0000100040,Brazed heat exchangers,2026-07-20,2026-07-29,1000,0,2.86
4500006537,0000100040,Brazed heat exchangers,2026-01-09,2026-01-09,100,0,108.4
4500006538,0000100040,Brazed heat exchangers,2026-05-19,2026-05-19,100,0,94.79
4500006541,0000100043,Hoses & connectors,2026-07-26,2026-07-31,100,0,47.04
4500006559,0000100043,Hoses & connectors,2026-08-05,2026-08-05,200,0,47.79
4500006581,0000100043,Hoses & connectors,2026-03-29,2026-03-29,5000,8,117.95
4500006589,0000100043,Hoses & connectors,2026-02-18,2026-02-18,500,1,47.27
4500006606,0000100043,Hoses & connectors,2026-08-04,2026-08-04,5000,0,36.83
4500006613,0000100043,Hoses & connectors,2026-04-01,2026-04-05,5000,2,54.33
4500006627,0000100043,Hoses & connectors,2026-08-31,2026-08-31,100,0,11.41
4500006645,0000100043,Hoses & connectors,2026-02-05,2026-02-05,5000,2,10.96
4500006665,0000100043,Hoses & connectors,2026-05-29,2026-05-29,200,0,32.64
4500006693,0000100043,Hoses & connectors,2026-04-01,2026-04-01,200,1,54.11
4500006700,0000100043,Hoses & connectors,2026-05-23,2026-05-23,500,0,109.2
4500006721,0000100043,Hoses & connectors,2026-06-02,2026-06-02,2000,0,44.28
4500006739,0000100043,Hoses & connectors,2026-07-26,2026-07-26,100,0,13.87
4500006761,0000100043,Hoses & connectors,2026-06-17,2026-06-17,100,0,19.74
4500006779,0000100043,Hoses & connectors,2026-03-12,2026-03-12,200,0,58.3
4500006801,0000100043,Hoses & connectors,2026-03-08,2026-03-11,1000,0,31.96
4500006806,0000100043,Hoses & connectors,2026-01-09,2026-01-09,500,0,88.72
4500006807,0000100043,Hoses & connectors,2026-06-20,2026-06-20,1000,0,55.14
4500006834,0000100043,Hoses & connectors,2026-05-08,2026-05-10,2000,1,54.69
4500006855,0000100043,Hoses & connectors,2026-06-08,2026-06-08,1000,1,63.89
4500006883,0000100043,Hoses & connectors,2026-08-24,2026-08-24,100,0,21.03
4500006890,0000100043,Hoses & connectors,2026-05-29,2026-06-12,1000,0,33.75
4500006903,0000100043,Hoses & connectors,2026-05-31,2026-05-31,1000,0,28.42
4500006907,0000100043,Hoses & connectors,2026-04-23,2026-04-26,200,0,16.75
4500006928,0000100043,Hoses & connectors,2026-06-23,2026-06-23,2000,4,93.71
4500006940,0000100043,Hoses & connectors,2026-07-01,2026-07-12,5000,3,10.98
4500006944,0000100043,Hoses & connectors,2026-07-21,2026-07-21,2000,3,50.82
4500006971,0000100043,Hoses & connectors,2026-07-01,2026-07-14,5000,7,64.87
4500006994,0000100043,Hoses & connectors,2026-01-23,2026-01-23,1000,0,49.85
4500007004,0000100043,Hoses & connectors,2026-04-26,2026-05-01,5000,4,80.47
4500007022,0000100043,Hoses & connectors,2026-08-06,2026-08-06,100,0,58.99
4500007051,0000100043,Hoses & connectors,2026-02-17,2026-02-17,500,0,57.63
4500007062,0000100043,Hoses & connectors,2026-04-14,2026-04-14,1000,2,2.7
4500007073,0000100043,Hoses & connectors,2026-03-28,2026-03-28,1000,1,72.79
4500007102,0000100043,Hoses & connectors,2026-04-09,2026-04-09,500,1,46.55
4500007104,0000100043,Hoses & connectors,2026-06-18,2026-06-18,200,0,40.46
4500007109,0000100043,Hoses & connectors,2026-05-21,2026-05-31,100,0,108.06
4500007123,0000100043,Hoses & connectors,2026-06-18,2026-06-18,1000,0,110.22
4500007132,0000100043,Hoses & connectors,2026-05-17,2026-05-21,1000,2,32.88
4500007158,0000100043,Hoses & connectors,2026-06-30,2026-06-30,100,0,14.51
4500007174,0000100046,Rubber seals,2026-08-01,2026-08-01,100,0,107.02
4500007183,0000100046,Rubber seals,2026-08-11,2026-08-11,1000,2,15.6
4500007203,0000100046,Rubber seals,2026-02-12,2026-02-12,500,0,56.5
4500007212,0000100046,Rubber seals,2026-07-08,2026-07-20,200,0,61.32
4500007240,0000100046,Rubber seals,2026-02-01,2026-02-11,100,0,30.4
4500007270,0000100046,Rubber seals,2026-03-07,2026-03-07,2000,2,61.7
4500007280,0000100046,Rubber seals,2026-08-06,2026-08-07,500,0,118.2
4500007293,0000100046,Rubber seals,2026-03-11,2026-03-11,500,1,93.66
4500007297,0000100046,Rubber seals,2026-03-26,2026-03-26,2000,0,45.77
4500007306,0000100048,Valves,2026-04-18,2026-04-18,2000,0,58.24
4500007309,0000100048,Valves,2026-04-23,2026-04-26,200,0,88.97
4500007317,0000100048,Valves,2026-01-17,2026-01-17,5000,0,9.6
4500007334,0000100048,Valves,2026-04-05,2026-04-05,5000,0,4.59
4500007352,0000100048,Valves,2026-05-15,2026-05-15,2000,1,89.69
4500007356,0000100048,Valves,2026-04-01,2026-04-01,500,0,71.59
4500007367,0000100055,Aluminium castings,2026-08-14,2026-08-14,5000,1,95.13
4500007387,0000100055,Aluminium castings,2026-05-10,2026-05-10,200,0,83.24
4500007392,0000100055,Aluminium castings,2026-06-13,2026-06-13,5000,0,1.73
4500007398,0000100055,Aluminium castings,2026-03-13,2026-03-13,200,0,104.07
4500007424,0000100055,Aluminium castings,2026-04-01,2026-04-01,2000,1,117.78
4500007426,0000100055,Aluminium castings,2026-02-03,2026-02-03,200,0,78.54
4500007430,0000100055,Aluminium castings,2026-03-19,2026-03-19,1000,0,65.81
4500007432,0000100055,Aluminium castings,2026-06-02,2026-06-02,100,0,68.07
4500007444,0000100055,Aluminium castings,2026-06-27,2026-06-27,2000,0,46.02
4500007458,0000100055,Aluminium castings,2026-02-20,2026-02-20,500,0,70.13
4500007463,0000100055,Aluminium castings,2026-01-10,2026-01-10,500,0,38.04
4500007490,0000100055,Aluminium castings,2026-08-14,2026-08-14,5000,0,11.58
4500007495,0000100055,Aluminium castings,2026-05-15,2026-05-15,200,0,46.52
4500007503,0000100055,Aluminium castings,2026-04-06,2026-04-06,200,0,100.5
4500007515,0000100055,Aluminium castings,2026-03-09,2026-03-09,2000,0,75.98
4500007543,0000100055,Aluminium castings,2026-08-19,2026-08-19,500,0,74.24
4500007549,SUP-0012,Hoses & connectors,2026-04-11,2026-04-11,100,0,81.85
4500007553,SUP-0012,Hoses & connectors,2026-02-03,2026-02-03,500,0,103.07
4500007574,SUP-0012,Hoses & connectors,2026-05-31,2026-05-31,1000,1,66.75
4500007584,SUP-0012,Hoses & connectors,2026-01-13,2026-01-13,1000,0,47.48
4500007591,SUP-0012,Hoses & connectors,2026-01-27,2026-01-27,2000,0,65.91
4500007599,SUP-0012,Hoses & connectors,2026-07-19,2026-07-19,1000,0,4.16
4500007619,SUP-0012,Hoses & connectors,2026-01-31,2026-01-31,2000,0,5.67
4500007636,SUP-0012,Hoses & connectors,2026-08-06,2026-08-06,200,0,5.78
4500007654,SUP-0013,Rubber seals,2026-07-22,2026-07-22,5000,4,100.86
4500007668,SUP-0013,Rubber seals,2026-04-02,2026-04-02,200,0,103.95
4500007669,SUP-0013,Rubber seals,2026-02-04,2026-02-04,2000,0,101.62
4500007684,SUP-0013,Rubber seals,2026-08-17,2026-08-27,2000,0,39.67
4500007714,SUP-0013,Rubber seals,2026-02-12,2026-02-24,100,0,107.59
4500007721,SUP-0013,Rubber seals,2026-08-24,2026-08-24,100,0,9.53
4500007739,SUP-0013,Rubber seals,2026-04-11,2026-04-19,100,0,38.89
4500007765,SUP-0013,Rubber seals,2026-08-06,2026-08-06,200,0,59.36
4500007787,SUP-0013,Rubber seals,2026-03-22,2026-03-22,1000,1,67.87
4500007793,SUP-0013,Rubber seals,2026-02-14,2026-02-14,500,0,79.13
4500007802,SUP-0013,Rubber seals,2026-05-07,2026-05-12,5000,0,37.03
4500007818,SUP-0013,Rubber seals,2026-02-12,2026-02-25,500,0,6.24
4500007838,SUP-0013,Rubber seals,2026-04-24,2026-04-24,5000,0,25.36
4500007841,SUP-0013,Rubber seals,2026-07-02,2026-07-02,5000,1,37.53
4500007864,SUP-0013,Rubber seals,2026-05-04,2026-05-04,1000,0,113.78
4500007886,SUP-0013,Rubber seals,2026-04-04,2026-04-04,500,0,119.49
4500007907,SUP-0013,Rubber seals,2026-04-09,2026-04-09,200,0,34.32
4500007913,SUP-0014,Valves,2026-06-08,2026-06-19,500,0,35.74
4500007940,SUP-0014,Valves,2026-07-17,2026-07-17,200,0,30.92
4500007952,SUP-0014,Valves,2026-05-27,2026-05-27,2000,0,82.43
4500007970,SUP-0014,Valves,2026-05-15,2026-05-15,100,0,6.83
4500007975,SUP-0014,Valves,2026-05-21,2026-05-21,5000,0,31.42
4500007997,SUP-0014,Valves,2026-01-20,2026-01-20,2000,1,108.28
4500008001,SUP-0014,Valves,2026-01-30,2026-01-30,100,0,65.08
4500008016,SUP-0014,Valves,2026-07-19,2026-07-19,500,0,102.65
4500008040,SUP-0014,Valves,2026-08-09,2026-08-09,200,0,8.73
4500008061,SUP-0014,Valves,2026-02-28,2026-02-28,1000,0,37.59
4500008087,SUP-0014,Valves,2026-08-15,2026-08-15,2000,0,39.53
4500008112,SUP-0014,Valves,2026-05-27,2026-05-27,5000,0,69.95
4500008119,SUP-0014,Valves,2026-08-23,2026-08-23,2000,1,56.99
4500008121,SUP-0014,Valves,2026-03-27,2026-03-27,5000,0,62.45
4500008149,SUP-0014,Valves,2026-04-09,2026-04-09,200,0,113.71
4500008167,SUP-0014,Valves,2026-05-04,2026-05-04,5000,0,94.96
4500008195,SUP-0014,Valves,2026-04-01,2026-04-01,1000,0,103.13
4500008205,SUP-0014,Valves,2026-05-08,2026-05-09,100,0,7.87
4500008208,SUP-0014,Valves,2026-06-02,2026-06-08,1000,0,44.16
4500008215,SUP-0014,Valves,2026-06-15,2026-06-15,2000,1,55.49
4500008231,SUP-0014,Valves,2026-02-10,2026-02-10,2000,0,61.05
4500008245,SUP-0014,Valves,2026-01-16,2026-01-16,200,0,102.93
4500008266,SUP-0014,Valves,2026-05-25,2026-05-25,500,0,60.55
4500008281,SUP-0014,Valves,2026-04-26,2026-04-26,500,0,48.58
4500008290,SUP-0014,Valves,2026-01-20,2026-01-24,5000,0,16.34
4500008302,SUP-0014,Valves,2026-02-23,2026-02-23,100,0,41.96
4500008308,SUP-0014,Valves,2026-08-30,2026-09-14,1000,0,26.17
4500008312,SUP-0014,Valves,2026-03-17,2026-03-17,1000,0,49.69
4500008322,SUP-0014,Valves,2026-03-03,2026-03-03,2000,0,42.81
4500008336,SUP-0014,Valves,2026-04-22,2026-04-22,100,0,58.07
4500008356,SUP-0014,Valves,2026-02-20,2026-02-20,500,0,28.44
4500008382,SUP-0014,Valves,2026-03-08,2026-03-08,1000,0,17.76
4500008401,SUP-0014,Valves,2026-07-17,2026-07-17,100,0,81.24
4500008421,SUP-0014,Valves,2026-07-19,2026-07-19,1000,0,88.91
4500008437,SUP-0014,Valves,2026-08-31,2026-08-31,5000,0,9.37
4500008440,SUP-0014,Valves,2026-08-14,2026-08-14,500,0,44.96
4500008449,SUP-0014,Valves,2026-01-10,2026-01-10,200,0,8.21
4500008457,SUP-0014,Valves,2026-04-10,2026-04-24,1000,0,113.37
4500008458,SUP-0014,Valves,2026-08-12,2026-08-12,500,0,104.92
4500008478,SUP-0014,Valves,2026-03-26,2026-03-26,1000,0,69.94
4500008494,SUP-0014,Valves,2026-03-16,2026-03-16,500,0,104.51
4500008523,SUP-0014,Valves,2026-07-20,2026-07-20,2000,0,78.38
4500008526,SUP-0014,Valves,2026-02-27,2026-02-27,200,0,66.81
4500008529,SUP-0014,Valves,2026-02-13,2026-02-13,2000,0,91.14
4500008542,SUP-0014,Valves,2026-02-21,2026-02-21,200,0,96.4
4500008563,SUP-0014,Valves,2026-02-09,2026-02-09,100,0,117.67
4500008575,SUP-0014,Valves,2026-02-02,2026-02-02,500,0,112.89
4500008593,SUP-0014,Valves,2026-01-14,2026-01-14,2000,0,66.37
4500008616,SUP-0014,Valves,2026-06-02,2026-06-02,100,0,34.49
4500008646,SUP-0014,Valves,2026-06-22,2026-06-22,1000,0,111.65
4500008668,SUP-0014,Valves,2026-02-25,2026-02-25,200,0,88.38
4500008687,SUP-0014,Valves,2026-05-14,2026-05-14,100,0,100.06
4500008707,SUP-0014,Valves,2026-02-02,2026-02-13,1000,0,62.89
4500008733,SUP-0014,Valves,2026-05-10,2026-05-10,100,0,26.07
4500008736,SUP-0014,Valves,2026-03-01,2026-03-01,100,0,70.57
4500008738,SUP-0014,Valves,2026-07-03,2026-07-03,1000,0,82.94
4500008761,SUP-0014,Valves,2026-04-24,2026-04-29,1000,0,82.11
4500008790,SUP-0014,Valves,2026-05-13,2026-05-13,2000,0,72.2
4500008820,SUP-0014,Valves,2026-01-20,2026-01-23,500,0,63.95
4500008836,SUP-0014,Valves,2026-08-07,2026-08-07,2000,0,54.81
4500008862,SUP-0014,Valves,2026-04-25,2026-04-25,2000,0,74.73
4500008863,SUP-0014,Valves,2026-03-07,2026-03-07,100,0,63.86
4500008865,SUP-0014,Valves,2026-08-18,2026-08-18,100,0,16.51
4500008887,SUP-0014,Valves,2026-08-29,2026-08-29,2000,0,3.58
4500008911,SUP-0014,Valves,2026-05-14,2026-05-14,1000,0,55.71
4500008934,SUP-0014,Valves,2026-07-06,2026-07-06,5000,1,53.42
4500008946,SUP-0014,Valves,2026-01-29,2026-01-29,2000,1,64.94
4500008951,SUP-0014,Valves,2026-08-12,2026-08-12,200,0,40.6
4500008975,SUP-0014,Valves,2026-03-07,2026-03-07,500,0,99.55
4500008976,SUP-0014,Valves,2026-04-22,2026-04-22,1000,0,52.5
4500009004,SUP-0014,Valves,2026-06-23,2026-06-23,100,0,26.06
4500009030,SUP-0014,Valves,2026-05-24,2026-05-24,200,0,25.2
4500009037,SUP-0014,Valves,2026-04-06,2026-04-06,100,0,62.31
4500009046,SUP-0014,Valves,2026-08-27,2026-08-27,200,0,79.86
4500009061,SUP-0014,Valves,2026-05-28,2026-05-28,2000,0,13.72
4500009062,SUP-0014,Valves,2026-06-19,2026-06-19,2000,0,53.72
4500009091,SUP-0014,Valves,2026-06-11,2026-06-11,2000,0,63.64
4500009094,SUP-0014,Valves,2026-07-04,2026-07-04,200,0,7.97
4500009104,SUP-0014,Valves,2026-05-04,2026-05-04,2000,0,67.38
4500009129,SUP-0014,Valves,2026-05-20,2026-05-20,2000,0,96.94
4500009132,SUP-0014,Valves,2026-05-20,2026-05-20,200,0,20.62
4500009133,0000100060,Electronic sensors,2026-03-26,2026-03-26,5000,0,118.23
4500009151,0000100060,Electronic sensors,2026-01-14,2026-01-14,200,0,24.52
4500009176,0000100060,Electronic sensors,2026-01-19,2026-01-19,500,0,1.34
4500009188,0000100060,Electronic sensors,2026-03-26,2026-03-26,1000,0,16.02
4500009192,0000100060,Electronic sensors,2026-05-11,2026-05-11,2000,0,101.3
4500009222,0000100060,Electronic sensors,2026-01-21,2026-01-21,2000,0,80.11
4500009229,0000100060,Electronic sensors,2026-03-28,2026-03-28,5000,1,23.93
4500009248,0000100060,Electronic sensors,2026-09-01,2026-09-01,100,0,43.53
4500009260,0000100060,Electronic sensors,2026-06-15,2026-06-30,5000,0,112.92
4500009279,0000100060,Electronic sensors,2026-03-13,2026-03-13,500,0,97.94
4500009284,0000100060,Electronic sensors,2026-06-15,2026-06-15,500,0,85.91
4500009300,0000100060,Electronic sensors,2026-05-16,2026-05-16,5000,1,92.97
4500009323,0000100060,Electronic sensors,2026-03-12,2026-03-12,200,0,28.18
4500009335,0000100060,Electronic sensors,2026-07-15,2026-07-15,5000,0,116.08
4500009360,0000100060,Electronic sensors,2026-01-07,2026-01-19,5000,2,100.59
4500009377,0000100060,Electronic sensors,2026-08-25,2026-08-25,1000,0,9.19
4500009406,0000100060,Electronic sensors,2026-02-07,2026-02-07,5000,0,13.78
4500009407,0000100060,Electronic sensors,2026-01-23,2026-01-23,500,0,30.17
4500009429,0000100060,Electronic sensors,2026-02-23,2026-02-23,500,0,69.0
4500009451,0000100060,Electronic sensors,2026-04-17,2026-04-17,2000,0,61.18
4500009467,0000100069,Valves,2026-08-09,2026-08-09,500,1,83.84
4500009489,0000100069,Valves,2026-05-17,2026-05-17,1000,0,35.88
4500009501,0000100069,Valves,2026-05-04,2026-05-04,500,1,30.97
4500009527,0000100069,Valves,2026-04-20,2026-04-25,2000,1,111.82
4500009545,0000100069,Valves,2026-04-03,2026-04-05,100,0,1.07
4500009549,0000100069,Valves,2026-01-24,2026-01-28,2000,1,114.93
4500009560,0000100069,Valves,2026-08-06,2026-08-06,100,0,87.29
4500009563,0000100069,Valves,2026-06-02,2026-06-02,500,2,27.74
4500009566,0000100069,Valves,2026-01-08,2026-01-10,1000,0,80.23
4500009590,0000100069,Valves,2026-02-06,2026-02-06,5000,6,95.46
4500009600,0000100069,Valves,2026-06-22,2026-06-22,500,2,116.65
4500009630,0000100069,Valves,2026-07-09,2026-07-23,100,0,34.96
4500009654,0000100069,Valves,2026-07-22,2026-07-22,100,0,13.17
4500009673,0000100069,Valves,2026-06-09,2026-06-15,1000,2,16.2
4500009691,0000100069,Valves,2026-08-10,2026-08-10,200,0,15.54
4500009720,0000100069,Valves,2026-08-10,2026-08-16,500,0,36.79
4500009728,0000100069,Valves,2026-03-01,2026-03-01,100,0,72.28
4500009747,0000100069,Valves,2026-06-28,2026-07-12,100,1,61.27
4500009775,0000100069,Valves,2026-07-28,2026-08-07,100,0,71.91
4500009783,0000100069,Valves,2026-06-20,2026-06-22,1000,0,10.23
4500009795,0000100069,Valves,2026-03-02,2026-03-02,5000,2,6.1
4500009817,0000100069,Valves,2026-05-09,2026-05-09,1000,0,115.87
4500009838,0000100069,Valves,2026-06-21,2026-07-01,200,1,7.78
4500009858,SUP-0017,Plastic housings,2026-05-11,2026-05-11,2000,0,64.21
4500009875,SUP-0017,Plastic housings,2026-07-30,2026-07-30,100,0,47.27
4500009902,SUP-0017,Plastic housings,2026-07-08,2026-07-08,2000,0,61.24
4500009921,SUP-0017,Plastic housings,2026-01-20,2026-01-20,2000,0,114.8
4500009922,SUP-0017,Plastic housings,2026-05-17,2026-05-17,100,0,81.76
4500009931,SUP-0017,Plastic housings,2026-04-20,2026-04-20,500,1,26.2
4500009954,SUP-0017,Plastic housings,2026-05-13,2026-05-16,5000,1,35.45
4500009970,SUP-0017,Plastic housings,2026-07-30,2026-07-30,1000,0,42.36
4500009994,SUP-0017,Plastic housings,2026-04-21,2026-04-21,2000,0,92.08
4500010006,SUP-0017,Plastic housings,2026-02-09,2026-02-09,200,0,38.33
4500010028,SUP-0017,Plastic housings,2026-05-06,2026-05-06,5000,0,78.54
4500010036,SUP-0017,Plastic housings,2026-03-27,2026-03-27,500,0,33.54
4500010043,SUP-0017,Plastic housings,2026-07-17,2026-07-17,500,0,108.0
4500010056,SUP-0017,Plastic housings,2026-02-11,2026-02-11,5000,0,2.92
4500010059,SUP-0017,Plastic housings,2026-03-18,2026-03-18,5000,0,117.69
4500010078,SUP-0017,Plastic housings,2026-06-18,2026-06-18,200,0,89.79
4500010102,SUP-0017,Plastic housings,2026-02-14,2026-02-14,200,0,9.35
4500010126,SUP-0017,Plastic housings,2026-01-25,2026-01-25,200,1,5.05
4500010131,SUP-0017,Plastic housings,2026-01-27,2026-01-27,500,0,12.29
4500010149,SUP-0017,Plastic housings,2026-03-19,2026-03-19,500,0,89.98
4500010167,SUP-0017,Plastic housings,2026-07-09,2026-07-09,5000,0,91.77
4500010176,SUP-0017,Plastic housings,2026-06-30,2026-06-30,5000,0,84.53
4500010200,SUP-0017,Plastic housings,2026-07-22,2026-07-22,1000,0,87.73
4500010218,SUP-0017,Plastic housings,2026-07-07,2026-07-08,200,0,30.83
4500010230,SUP-0017,Plastic housings,2026-07-01,2026-07-01,200,0,100.69
4500010242,SUP-0017,Plastic housings,2026-08-18,2026-08-18,5000,2,50.36
4500010244,SUP-0017,Plastic housings,2026-02-22,2026-02-22,1000,0,25.31
4500010245,SUP-0017,Plastic housings,2026-03-02,2026-03-02,5000,1,26.25
4500010248,SUP-0017,Plastic housings,2026-05-17,2026-05-17,100,0,93.84
4500010254,SUP-0017,Plastic housings,2026-08-27,2026-09-06,1000,0,78.55
4500010258,SUP-0017,Plastic housings,2026-01-12,2026-01-12,1000,0,101.58
4500010263,SUP-0017,Plastic housings,2026-07-17,2026-07-17,2000,0,90.47
4500010268,SUP-0017,Plastic housings,2026-06-02,2026-06-02,200,0,23.17
4500010291,SUP-0017,Plastic housings,2026-07-23,2026-07-23,5000,2,72.08
4500010294,SUP-0017,Plastic housings,2026-03-22,2026-03-22,100,0,115.05
4500010323,SUP-0017,Plastic housings,2026-01-23,2026-01-23,5000,1,80.33
4500010349,SUP-0017,Plastic housings,2026-08-25,2026-08-25,2000,0,41.43
4500010354,SUP-0017,Plastic housings,2026-02-19,2026-02-19,1000,0,17.57
4500010372,SUP-0017,Plastic housings,2026-02-20,2026-02-27,5000,0,79.07
4500010386,SUP-0017,Plastic housings,2026-01-20,2026-01-20,200,0,112.03
4500010396,SUP-0017,Plastic housings,2026-06-01,2026-06-01,2000,0,29.14
4500010403,SUP-0017,Plastic housings,2026-06-27,2026-06-27,100,0,11.52
4500010415,SUP-0017,Plastic housings,2026-07-28,2026-07-29,2000,0,22.03
4500010433,SUP-0017,Plastic housings,2026-05-26,2026-06-08,1000,0,13.89
4500010445,SUP-0017,Plastic housings,2026-08-31,2026-09-12,100,0,72.69
4500010459,SUP-0017,Plastic housings,2026-03-22,2026-03-22,1000,0,7.16
4500010486,SUP-0017,Plastic housings,2026-04-22,2026-04-22,100,0,48.2
4500010511,SUP-0017,Plastic housings,2026-03-17,2026-03-17,5000,0,1.9
4500010535,SUP-0017,Plastic housings,2026-02-25,2026-02-25,200,0,2.41
4500010541,SUP-0017,Plastic housings,2026-03-25,2026-03-25,5000,2,14.7
4500010561,SUP-0017,Plastic housings,2026-08-08,2026-08-08,2000,1,54.02
4500010582,SUP-0017,Plastic housings,2026-03-29,2026-03-29,200,0,1.68
4500010595,SUP-0017,Plastic housings,2026-06-09,2026-06-09,1000,0,21.9
4500010602,SUP-0017,Plastic housings,2026-03-10,2026-03-10,500,0,115.32
4500010617,SUP-0017,Plastic housings,2026-04-22,2026-05-02,100,0,28.51
4500010643,SUP-0017,Plastic housings,2026-02-18,2026-02-26,500,0,66.19
4500010666,SUP-0017,Plastic housings,2026-08-22,2026-08-22,5000,0,104.0
4500010667,SUP-0017,Plastic housings,2026-05-29,2026-05-29,200,0,99.5
4500010688,SUP-0017,Plastic housings,2026-04-01,2026-04-01,5000,2,65.31
4500010693,SUP-0017,Plastic housings,2026-05-19,2026-05-19,500,0,24.1
4500010709,SUP-0017,Plastic housings,2026-03-31,2026-03-31,1000,0,75.01
4500010727,SUP-0017,Plastic housings,2026-02-28,2026-02-28,1000,0,79.99
4500010757,SUP-0017,Plastic housings,2026-08-31,2026-08-31,200,0,102.49
4500010784,SUP-0017,Plastic housings,2026-06-09,2026-06-09,2000,0,26.49
4500010814,SUP-0017,Plastic housings,2026-07-27,2026-07-27,5000,0,96.1
4500010839,SUP-0017,Plastic housings,2026-04-22,2026-04-22,5000,0,42.54
4500010850,SUP-0017,Plastic housings,2026-02-23,2026-03-01,5000,2,101.55
4500010877,SUP-0017,Plastic housings,2026-08-22,2026-08-22,200,0,98.64
4500010881,SUP-0017,Plastic housings,2026-05-01,2026-05-01,2000,0,111.73
4500010897,SUP-0017,Plastic housings,2026-01-23,2026-01-23,500,0,62.53
4500010926,SUP-0017,Plastic housings,2026-09-01,2026-09-01,200,0,33.14
4500010932,SUP-0017,Plastic housings,2026-02-09,2026-02-09,500,0,40.68
4500010933,SUP-0017,Plastic housings,2026-03-06,2026-03-06,5000,0,101.85
4500010955,SUP-0017,Plastic housings,2026-05-31,2026-05-31,200,0,96.82
4500010971,SUP-0017,Plastic housings,2026-04-22,2026-04-22,100,0,53.51
4500010999,SUP-0017,Plastic housings,2026-06-01,2026-06-01,100,0,34.63
4500011029,SUP-0017,Plastic housings,2026-07-17,2026-07-17,100,0,115.38
4500011052,0000100071,Brazed heat exchangers,2026-03-11,2026-03-16,5000,2,56.23
4500011056,0000100071,Brazed heat exchangers,2026-02-09,2026-02-09,200,0,52.06
4500011078,0000100071,Brazed heat exchangers,2026-03-10,2026-03-20,2000,2,59.48
4500011108,0000100071,Brazed heat exchangers,2026-07-05,2026-07-16,5000,1,113.89
4500011116,0000100071,Brazed heat exchangers,2026-02-12,2026-02-12,5000,0,35.14
4500011117,0000100071,Brazed heat exchangers,2026-05-28,2026-05-28,1000,0,31.85
4500011137,0000100071,Brazed heat exchangers,2026-06-26,2026-06-26,2000,0,52.68
4500011145,0000100075,Packaging,2026-04-06,2026-04-06,100,0,106.19
4500011168,0000100075,Packaging,2026-06-25,2026-06-25,100,0,21.3
4500011173,0000100075,Packaging,2026-03-30,2026-03-30,100,0,86.43
4500011198,0000100075,Packaging,2026-07-08,2026-07-11,1000,0,109.46
4500011207,0000100075,Packaging,2026-06-20,2026-06-20,2000,0,18.56
4500011211,0000100075,Packaging,2026-01-20,2026-01-29,5000,0,109.7
4500011240,0000100075,Packaging,2026-08-12,2026-08-12,200,0,15.95
4500011258,0000100075,Packaging,2026-03-15,2026-03-15,200,0,116.24
4500011274,0000100075,Packaging,2026-01-14,2026-01-14,2000,0,106.34
4500011295,0000100075,Packaging,2026-05-26,2026-05-26,2000,0,28.11
4500011300,SUP-0019,Rubber seals,2026-06-28,2026-07-05,100,0,18.9
4500011309,SUP-0019,Rubber seals,2026-08-28,2026-08-28,5000,0,90.76
4500011326,SUP-0019,Rubber seals,2026-03-02,2026-03-03,500,0,64.94
4500011349,SUP-0019,Rubber seals,2026-08-13,2026-08-13,2000,0,84.84
4500011359,SUP-0019,Rubber seals,2026-06-28,2026-06-29,500,0,20.03
4500011372,SUP-0019,Rubber seals,2026-08-07,2026-08-20,500,0,47.63
4500011388,SUP-0019,Rubber seals,2026-02-13,2026-02-13,200,0,60.61
4500011402,SUP-0019,Rubber seals,2026-09-02,2026-09-02,1000,0,76.58
4500011412,SUP-0019,Rubber seals,2026-02-26,2026-03-06,500,0,3.94
4500011423,SUP-0019,Rubber seals,2026-06-20,2026-06-20,200,0,58.46
4500011442,SUP-0019,Rubber seals,2026-03-28,2026-04-06,200,0,90.15
4500011445,SUP-0019,Rubber seals,2026-04-21,2026-04-29,2000,1,91.21
4500011453,SUP-0019,Rubber seals,2026-05-10,2026-05-11,1000,0,99.08
4500011468,SUP-0019,Rubber seals,2026-07-08,2026-07-08,500,0,13.73
4500011475,SUP-0019,Rubber seals,2026-06-14,2026-06-14,500,0,32.82
4500011485,SUP-0019,Rubber seals,2026-05-06,2026-05-06,2000,0,5.93
4500011491,SUP-0019,Rubber seals,2026-04-16,2026-04-16,200,0,45.71
4500011518,SUP-0019,Rubber seals,2026-03-18,2026-03-27,100,0,81.49
4500011532,SUP-0019,Rubber seals,2026-03-25,2026-03-25,200,0,52.1
4500011556,SUP-0019,Rubber seals,2026-07-05,2026-07-07,1000,1,84.08
4500011586,SUP-0019,Rubber seals,2026-02-16,2026-02-16,5000,2,5.48
4500011587,SUP-0019,Rubber seals,2026-03-20,2026-04-01,2000,0,35.8
4500011595,SUP-0019,Rubber seals,2026-07-31,2026-08-07,500,0,95.06
4500011618,SUP-0019,Rubber seals,2026-04-24,2026-05-02,500,0,96.96
4500011645,SUP-0019,Rubber seals,2026-05-05,2026-05-05,100,0,48.36
4500011671,SUP-0019,Rubber seals,2026-08-07,2026-08-20,500,0,84.72
4500011701,SUP-0019,Rubber seals,2026-07-10,2026-07-10,1000,0,22.06
4500011711,SUP-0019,Rubber seals,2026-04-05,2026-04-08,100,0,37.24
4500011712,SUP-0019,Rubber seals,2026-07-04,2026-07-04,100,0,80.94
4500011728,SUP-0019,Rubber seals,2026-07-29,2026-07-29,2000,0,91.46
4500011746,SUP-0019,Rubber seals,2026-02-15,2026-02-23,500,0,57.33
4500011770,SUP-0019,Rubber seals,2026-08-21,2026-08-27,2000,0,93.28
4500011792,SUP-0019,Rubber seals,2026-08-04,2026-08-04,5000,1,112.85
4500011806,SUP-0019,Rubber seals,2026-08-21,2026-08-22,2000,0,34.42
4500011836,SUP-0019,Rubber seals,2026-08-21,2026-08-25,500,0,86.89
4500011861,SUP-0019,Rubber seals,2026-04-29,2026-04-29,100,0,23.77
4500011866,SUP-0019,Rubber seals,2026-07-08,2026-07-18,1000,1,55.76
4500011880,SUP-0019,Rubber seals,2026-05-09,2026-05-21,200,0,28.98
4500011900,SUP-0019,Rubber seals,2026-06-06,2026-06-17,5000,0,39.55
4500011907,SUP-0019,Rubber seals,2026-04-09,2026-04-23,1000,0,70.48
4500011916,0000100084,Electronic sensors,2026-03-04,2026-03-04,100,0,63.22
4500011943,0000100084,Electronic sensors,2026-07-20,2026-07-27,1000,0,118.48
4500011967,0000100084,Electronic sensors,2026-09-02,2026-09-08,1000,1,35.0
4500011993,0000100084,Electronic sensors,2026-07-26,2026-07-26,5000,6,66.89
4500012010,0000100084,Electronic sensors,2026-04-29,2026-04-29,5000,0,22.63
4500012022,0000100084,Electronic sensors,2026-07-04,2026-07-04,200,0,6.24
4500012046,0000100084,Electronic sensors,2026-03-13,2026-03-13,500,0,113.14
4500012067,0000100084,Electronic sensors,2026-04-11,2026-04-11,2000,3,101.22
4500012068,0000100084,Electronic sensors,2026-05-19,2026-05-29,2000,3,49.18
4500012082,0000100084,Electronic sensors,2026-05-31,2026-06-14,200,0,57.89
4500012089,0000100084,Electronic sensors,2026-03-10,2026-03-10,100,0,36.72
4500012117,0000100084,Electronic sensors,2026-09-02,2026-09-02,1000,0,35.04
4500012138,0000100084,Electronic sensors,2026-03-27,2026-03-27,5000,3,64.43
4500012149,0000100084,Electronic sensors,2026-06-25,2026-06-25,500,1,111.12
4500012151,0000100084,Electronic sensors,2026-08-31,2026-08-31,500,0,105.37
4500012181,0000100084,Electronic sensors,2026-07-16,2026-07-24,2000,6,38.22
4500012193,0000100084,Electronic sensors,2026-04-03,2026-04-03,1000,0,108.22
4500012223,0000100084,Electronic sensors,2026-07-26,2026-07-26,5000,3,57.56
4500012231,0000100090,Hoses & connectors,2026-06-19,2026-06-19,200,5,58.26
4500012255,0000100090,Hoses & connectors,2026-02-25,2026-02-25,5000,17,114.13
4500012274,0000100090,Hoses & connectors,2026-01-18,2026-01-18,5000,29,61.92
4500012304,0000100090,Hoses & connectors,2026-07-08,2026-07-08,500,2,109.85
4500012326,0000100090,Hoses & connectors,2026-05-05,2026-05-05,1000,9,49.67
4500012344,0000100090,Hoses & connectors,2026-06-25,2026-06-25,100,0,28.0
4500012371,0000100090,Hoses & connectors,2026-02-14,2026-02-14,100,1,67.0
4500012373,0000100099,Electronic sensors,2026-01-24,2026-01-24,200,0,82.52
4500012398,0000100099,Electronic sensors,2026-01-12,2026-01-12,200,0,117.16
4500012409,0000100099,Electronic sensors,2026-05-03,2026-05-03,2000,2,90.74
4500012415,0000100099,Electronic sensors,2026-05-03,2026-05-03,100,0,88.34
4500012426,0000100099,Electronic sensors,2026-06-13,2026-06-13,100,0,17.26
4500012448,0000100099,Electronic sensors,2026-05-08,2026-05-11,2000,4,86.6
4500012461,0000100099,Electronic sensors,2026-01-17,2026-01-17,100,0,31.01
4500012491,0000100099,Electronic sensors,2026-02-17,2026-02-17,500,0,79.1
4500012494,0000100099,Electronic sensors,2026-04-26,2026-04-26,5000,5,44.15
4500012497,0000100099,Electronic sensors,2026-06-29,2026-06-29,2000,2,6.93
4500012515,0000100099,Electronic sensors,2026-06-30,2026-06-30,1000,0,78.78
4500012538,0000100099,Electronic sensors,2026-04-16,2026-04-16,200,0,96.4
4500012548,0000100099,Electronic sensors,2026-05-24,2026-05-24,500,0,101.82
4500012573,0000100099,Electronic sensors,2026-07-11,2026-07-11,100,0,22.32
4500012593,0000100099,Electronic sensors,2026-05-27,2026-05-27,2000,0,39.29
4500012615,0000100099,Electronic sensors,2026-03-22,2026-03-22,5000,5,78.34
4500012626,0000100099,Electronic sensors,2026-02-17,2026-02-17,100,1,37.07
4500012643,0000100099,Electronic sensors,2026-05-01,2026-05-06,5000,6,57.63
4500012648,0000100099,Electronic sensors,2026-06-18,2026-06-21,1000,0,2.03
4500012675,0000100099,Electronic sensors,2026-07-15,2026-07-15,2000,3,64.56
4500012677,0000100099,Electronic sensors,2026-07-12,2026-07-12,5000,3,43.68
4500012699,0000100099,Electronic sensors,2026-06-22,2026-06-22,500,2,57.04
4500012704,0000100099,Electronic sensors,2026-04-08,2026-04-08,5000,2,55.02
4500012711,0000100099,Electronic sensors,2026-04-26,2026-04-28,200,0,75.94
4500012718,0000100099,Electronic sensors,2026-07-19,2026-07-19,2000,2,47.18
4500012740,0000100099,Electronic sensors,2026-03-08,2026-03-08,1000,0,105.56
4500012756,0000100099,Electronic sensors,2026-05-19,2026-05-19,1000,2,118.7
4500012769,0000100099,Electronic sensors,2026-04-30,2026-04-30,1000,2,10.21
4500012781,0000100099,Electronic sensors,2026-05-18,2026-05-27,2000,2,23.77
4500012804,0000100099,Electronic sensors,2026-06-26,2026-06-26,1000,0,107.96
4500012806,0000100099,Electronic sensors,2026-07-18,2026-07-25,200,0,66.84
4500012810,0000100099,Electronic sensors,2026-01-08,2026-01-08,500,0,50.42
4500012821,0000100099,Electronic sensors,2026-07-01,2026-07-01,1000,0,95.51
4500012833,0000100108,Valves,2026-06-11,2026-06-23,100,0,44.45
4500012837,0000100108,Valves,2026-05-20,2026-05-22,2000,2,51.41
4500012862,0000100108,Valves,2026-07-19,2026-07-30,2000,1,19.5
4500012867,0000100108,Valves,2026-07-30,2026-08-11,500,1,81.05
4500012888,0000100108,Valves,2026-07-24,2026-07-24,500,0,55.26
4500012914,0000100108,Valves,2026-08-26,2026-08-26,200,0,26.4
4500012919,0000100108,Valves,2026-02-17,2026-02-17,100,0,6.18
4500012939,0000100108,Valves,2026-05-09,2026-05-09,5000,3,65.72
4500012959,0000100108,Valves,2026-02-11,2026-02-11,5000,3,58.38
4500012975,0000100108,Valves,2026-07-19,2026-07-19,500,0,115.96
4500012985,0000100108,Valves,2026-01-30,2026-01-30,2000,2,80.61
4500013008,0000100108,Valves,2026-04-28,2026-04-28,5000,4,99.37
4500013016,0000100108,Valves,2026-04-24,2026-04-24,100,0,18.5
4500013023,0000100108,Valves,2026-08-18,2026-08-31,500,0,56.35
4500013042,0000100108,Valves,2026-07-05,2026-07-05,5000,5,42.94
4500013070,0000100108,Valves,2026-04-14,2026-04-14,100,0,44.05
4500013098,0000100108,Valves,2026-02-13,2026-02-13,200,0,11.85
4500013116,0000100108,Valves,2026-02-23,2026-02-23,5000,3,24.61
4500013138,0000100108,Valves,2026-07-17,2026-07-17,1000,1,39.2
4500013151,0000100115,Plastic housings,2026-04-02,2026-04-14,5000,1,56.27
4500013162,0000100115,Plastic housings,2026-05-06,2026-05-11,1000,0,22.83
4500013186,0000100115,Plastic housings,2026-04-17,2026-05-02,1000,0,49.95
4500013212,0000100115,Plastic housings,2026-02-19,2026-02-19,5000,0,52.86
4500013240,0000100115,Plastic housings,2026-01-12,2026-01-13,5000,0,48.87
4500013266,0000100115,Plastic housings,2026-08-15,2026-08-15,2000,0,0.8
4500013284,0000100115,Plastic housings,2026-04-27,2026-04-27,200,0,18.39
4500013293,0000100115,Plastic housings,2026-05-17,2026-05-17,1000,0,101.73
4500013308,0000100115,Plastic housings,2026-06-24,2026-07-07,100,0,2.03
4500013316,0000100115,Plastic housings,2026-01-07,2026-01-07,500,0,89.23
4500013328,0000100115,Plastic housings,2026-01-30,2026-01-30,100,0,75.1
4500013340,0000100115,Plastic housings,2026-01-22,2026-01-22,5000,0,93.33
4500013343,0000100115,Plastic housings,2026-02-27,2026-02-27,500,0,52.4
4500013364,0000100115,Plastic housings,2026-01-31,2026-01-31,5000,1,15.75
4500013375,0000100115,Plastic housings,2026-03-13,2026-03-13,500,0,41.82
4500013388,0000100115,Plastic housings,2026-04-09,2026-04-09,2000,1,83.28
4500013400,0000100115,Plastic housings,2026-05-18,2026-05-24,5000,0,81.77
4500013418,0000100115,Plastic housings,2026-04-29,2026-04-29,500,0,61.31
4500013431,0000100115,Plastic housings,2026-04-02,2026-04-02,100,0,111.74
4500013458,0000100115,Plastic housings,2026-03-03,2026-03-13,200,0,17.22
4500013479,0000100120,Rubber seals,2026-06-19,2026-06-19,1000,0,91.68
4500013490,0000100120,Rubber seals,2026-04-09,2026-04-22,5000,1,15.06
4500013512,0000100120,Rubber seals,2026-04-26,2026-04-26,500,0,5.96
4500013539,0000100120,Rubber seals,2026-04-03,2026-04-03,1000,0,51.12
4500013555,0000100120,Rubber seals,2026-04-17,2026-04-24,2000,0,74.28
4500013577,0000100120,Rubber seals,2026-08-22,2026-08-22,100,0,14.24
4500013604,0000100120,Rubber seals,2026-05-07,2026-05-07,1000,1,35.43
4500013629,0000100120,Rubber seals,2026-01-17,2026-01-17,5000,0,57.05
4500013637,0000100120,Rubber seals,2026-07-14,2026-07-14,5000,0,28.97
4500013647,0000100120,Rubber seals,2026-07-14,2026-07-14,500,0,28.31
4500013669,0000100120,Rubber seals,2026-07-30,2026-07-30,5000,0,56.62
4500013694,0000100120,Rubber seals,2026-01-11,2026-01-11,100,0,102.22
4500013714,0000100120,Rubber seals,2026-05-17,2026-05-17,100,0,64.27
4500013730,0000100120,Rubber seals,2026-07-21,2026-07-21,200,0,108.62
4500013751,0000100127,Valves,2026-01-12,2026-01-12,1000,0,49.77
4500013778,0000100127,Valves,2026-05-14,2026-05-14,2000,0,51.72
4500013806,0000100127,Valves,2026-07-04,2026-07-04,2000,0,5.57
4500013827,0000100127,Valves,2026-02-02,2026-02-02,100,0,89.88
4500013833,0000100127,Valves,2026-08-13,2026-08-13,1000,0,20.48
4500013841,0000100127,Valves,2026-04-19,2026-04-19,1000,0,14.4
4500013868,0000100127,Valves,2026-02-12,2026-02-12,500,0,40.2
4500013873,0000100127,Valves,2026-03-13,2026-03-13,2000,0,52.91
4500013877,0000100127,Valves,2026-02-25,2026-02-25,5000,1,88.61
4500013882,0000100127,Valves,2026-07-07,2026-07-07,1000,0,111.92
4500013903,0000100127,Valves,2026-09-02,2026-09-02,2000,0,29.61
4500013926,0000100132,Electronic sensors,2026-07-17,2026-07-17,5000,0,82.19
4500013938,0000100132,Electronic sensors,2026-08-28,2026-08-29,200,0,94.22
4500013961,0000100132,Electronic sensors,2026-08-22,2026-08-22,2000,0,52.67
4500013977,0000100132,Electronic sensors,2026-02-18,2026-02-18,1000,0,112.98
4500013991,0000100132,Electronic sensors,2026-08-22,2026-08-22,500,0,50.7
4500014001,0000100132,Electronic sensors,2026-07-09,2026-07-18,1000,1,43.32
4500014013,0000100132,Electronic sensors,2026-08-29,2026-08-29,1000,0,3.58
4500014037,0000100132,Electronic sensors,2026-05-25,2026-06-03,200,0,82.09
4500014050,0000100132,Electronic sensors,2026-03-07,2026-03-07,1000,0,49.76
4500014080,0000100132,Electronic sensors,2026-02-21,2026-03-01,5000,0,118.35
4500014089,0000100132,Electronic sensors,2026-03-04,2026-03-04,2000,0,50.49
4500014099,0000100136,Plastic housings,2026-04-29,2026-05-01,500,0,62.88
4500014123,0000100136,Plastic housings,2026-03-31,2026-03-31,500,0,50.86
4500014141,0000100136,Plastic housings,2026-04-12,2026-04-12,2000,1,69.42
4500014142,0000100136,Plastic housings,2026-05-02,2026-05-02,2000,0,115.01
4500014143,0000100136,Plastic housings,2026-01-22,2026-01-22,2000,0,86.19
4500014171,0000100136,Plastic housings,2026-04-29,2026-04-29,500,0,103.16
4500014188,0000100142,Plastic housings,2026-04-26,2026-04-26,200,0,55.68
4500014189,0000100142,Plastic housings,2026-07-15,2026-07-15,500,0,89.19
4500014208,0000100142,Plastic housings,2026-03-05,2026-03-05,2000,0,78.94
4500014232,0000100142,Plastic housings,2026-05-29,2026-05-29,200,0,91.53
4500014254,0000100142,Plastic housings,2026-07-06,2026-07-06,500,0,71.67
4500014256,0000100142,Plastic housings,2026-01-10,2026-01-10,2000,0,72.09
4500014283,0000100142,Plastic housings,2026-05-26,2026-05-26,2000,0,21.78
4500014291,0000100142,Plastic housings,2026-08-08,2026-08-08,1000,0,11.05
4500014316,0000100142,Plastic housings,2026-04-09,2026-04-09,200,0,17.92
4500014337,0000100142,Plastic housings,2026-03-22,2026-03-22,5000,0,29.1
4500014355,0000100142,Plastic housings,2026-05-25,2026-05-25,2000,0,80.41
4500014379,0000100142,Plastic housings,2026-02-27,2026-02-27,1000,0,12.92
4500014397,0000100142,Plastic housings,2026-06-28,2026-06-28,5000,1,115.87
4500014414,0000100142,Plastic housings,2026-04-03,2026-04-03,2000,0,29.67
4500014419,0000100142,Plastic housings,2026-03-19,2026-03-19,5000,0,84.14
4500014426,0000100142,Plastic housings,2026-04-19,2026-04-26,500,0,48.34
4500014431,0000100142,Plastic housings,2026-01-09,2026-01-09,500,0,44.3
4500014461,0000100142,Plastic housings,2026-04-24,2026-04-24,2000,0,26.96
4500014487,0000100142,Plastic housings,2026-08-17,2026-08-17,500,0,98.25
4500014495,0000100142,Plastic housings,2026-02-23,2026-02-23,200,0,48.3
4500014512,0000100142,Plastic housings,2026-04-09,2026-04-09,100,0,26.78
4500014526,0000100142,Plastic housings,2026-01-18,2026-01-18,200,0,22.53
4500014551,0000100142,Plastic housings,2026-05-24,2026-05-24,1000,0,7.48
4500014562,0000100142,Plastic housings,2026-07-02,2026-07-02,100,0,67.75
4500014571,0000100142,Plastic housings,2026-04-20,2026-04-20,1000,0,52.23
4500014599,0000100142,Plastic housings,2026-08-06,2026-08-06,200,0,29.9
4500014614,0000100142,Plastic housings,2026-07-23,2026-07-23,200,0,111.02
4500014641,0000100142,Plastic housings,2026-04-26,2026-04-26,1000,0,40.24
4500014662,0000100142,Plastic housings,2026-08-15,2026-08-15,500,0,108.15
4500014692,0000100142,Plastic housings,2026-06-27,2026-06-27,1000,0,21.89
4500014701,0000100142,Plastic housings,2026-03-08,2026-03-08,2000,0,64.25
4500014708,0000100142,Plastic housings,2026-04-21,2026-04-21,5000,0,30.66
4500014724,0000100142,Plastic housings,2026-08-16,2026-08-16,200,0,58.96
4500014747,0000100142,Plastic housings,2026-01-31,2026-01-31,5000,0,67.34
4500014755,0000100142,Plastic housings,2026-06-19,2026-06-19,100,0,42.53
4500014763,0000100142,Plastic housings,2026-05-04,2026-05-05,500,0,81.87
4500014786,0000100142,Plastic housings,2026-01-16,2026-01-23,1000,0,101.98
4500014802,0000100142,Plastic housings,2026-06-05,2026-06-05,500,0,106.3
4500014827,0000100142,Plastic housings,2026-04-19,2026-04-19,2000,0,111.6
4500014854,0000100142,Plastic housings,2026-03-13,2026-03-13,1000,0,93.84
4500014858,0000100142,Plastic housings,2026-07-06,2026-07-13,2000,1,62.41
4500014872,0000100142,Plastic housings,2026-07-21,2026-07-21,2000,0,3.52
4500014879,0000100142,Plastic housings,2026-06-28,2026-06-28,2000,0,39.6
4500014897,0000100142,Plastic housings,2026-07-21,2026-08-05,1000,0,7.25
4500014917,0000100142,Plastic housings,2026-07-16,2026-07-16,2000,0,21.95
4500014940,0000100142,Plastic housings,2026-01-16,2026-01-16,500,0,77.63
4500014969,0000100142,Plastic housings,2026-04-06,2026-04-06,5000,0,70.81
4500014999,0000100142,Plastic housings,2026-08-26,2026-08-26,1000,0,36.42
4500015022,0000100142,Plastic housings,2026-08-26,2026-08-26,500,0,76.75
4500015039,0000100142,Plastic housings,2026-04-01,2026-04-01,100,0,78.84
4500015041,0000100142,Plastic housings,2026-04-01,2026-04-01,2000,0,10.95
4500015055,0000100142,Plastic housings,2026-05-06,2026-05-06,500,0,102.5
4500015084,0000100142,Plastic housings,2026-08-24,2026-08-24,2000,0,81.39
4500015101,0000100142,Plastic housings,2026-08-26,2026-08-26,200,0,114.64
4500015110,0000100142,Plastic housings,2026-02-08,2026-02-08,200,0,118.84
4500015136,0000100142,Plastic housings,2026-05-31,2026-05-31,1000,0,41.21
4500015148,0000100142,Plastic housings,2026-03-16,2026-03-16,500,0,31.73
4500015174,0000100142,Plastic housings,2026-01-23,2026-01-23,500,0,38.74
4500015194,0000100142,Plastic housings,2026-08-05,2026-08-05,500,0,115.51
4500015224,0000100142,Plastic housings,2026-08-17,2026-08-17,500,0,81.26
4500015249,0000100142,Plastic housings,2026-06-27,2026-06-27,5000,0,13.29
4500015272,SUP-0025,Brazed heat exchangers,2026-02-23,2026-03-02,500,0,111.81
4500015300,SUP-0025,Brazed heat exchangers,2026-04-09,2026-04-09,100,0,73.82
4500015306,SUP-0025,Brazed heat exchangers,2026-05-27,2026-05-27,200,0,56.59
4500015324,SUP-0025,Brazed heat exchangers,2026-05-05,2026-05-05,1000,0,116.71
4500015354,SUP-0025,Brazed heat exchangers,2026-05-05,2026-05-05,2000,0,26.99
4500015357,SUP-0025,Brazed heat exchangers,2026-02-17,2026-02-17,500,0,54.4
4500015385,SUP-0025,Brazed heat exchangers,2026-03-31,2026-03-31,1000,0,95.31
4500015410,SUP-0025,Brazed heat exchangers,2026-05-17,2026-05-17,500,0,39.6
4500015429,SUP-0026,Electronic sensors,2026-04-21,2026-04-21,5000,0,38.56
4500015443,SUP-0026,Electronic sensors,2026-06-26,2026-06-26,100,0,86.08
4500015451,SUP-0026,Electronic sensors,2026-05-17,2026-05-17,2000,0,5.27
4500015460,SUP-0026,Electronic sensors,2026-03-22,2026-03-22,2000,1,50.27
4500015473,SUP-0026,Electronic sensors,2026-01-07,2026-01-07,5000,0,62.96
4500015485,SUP-0026,Electronic sensors,2026-01-29,2026-01-29,200,0,16.36
4500015487,0000100151,Electronic sensors,2026-05-24,2026-05-24,2000,0,110.75
4500015504,0000100151,Electronic sensors,2026-04-30,2026-04-30,100,0,51.91
4500015526,0000100151,Electronic sensors,2026-06-13,2026-06-13,2000,0,93.17
4500015539,0000100151,Electronic sensors,2026-04-09,2026-04-09,500,1,4.53
4500015553,SUP-0028,Aluminium castings,2026-03-27,2026-04-09,200,0,116.95
4500015556,SUP-0028,Aluminium castings,2026-03-03,2026-03-03,100,0,63.63
4500015561,SUP-0028,Aluminium castings,2026-08-21,2026-08-21,200,0,32.53
4500015580,SUP-0028,Aluminium castings,2026-04-20,2026-04-20,100,0,20.25
4500015607,SUP-0028,Aluminium castings,2026-06-11,2026-06-24,2000,0,71.16
4500015617,SUP-0028,Aluminium castings,2026-03-19,2026-03-19,2000,0,73.38
4500015639,SUP-0028,Aluminium castings,2026-05-09,2026-05-09,500,0,11.36
4500015660,SUP-0028,Aluminium castings,2026-08-30,2026-09-01,2000,0,57.78
4500015676,SUP-0028,Aluminium castings,2026-08-11,2026-08-21,200,0,119.83
4500015692,SUP-0028,Aluminium castings,2026-06-20,2026-07-04,200,0,66.72
4500015698,SUP-0028,Aluminium castings,2026-06-19,2026-06-19,1000,0,21.1
4500015724,SUP-0028,Aluminium castings,2026-05-08,2026-05-10,100,0,119.43
4500015749,SUP-0028,Aluminium castings,2026-02-23,2026-02-24,100,0,20.86
4500015766,SUP-0028,Aluminium castings,2026-04-20,2026-04-20,100,0,72.8
4500015768,SUP-0028,Aluminium castings,2026-07-30,2026-07-30,500,0,84.88
4500015777,SUP-0028,Aluminium castings,2026-04-01,2026-04-01,5000,0,83.07
4500015788,SUP-0028,Aluminium castings,2026-01-26,2026-01-26,200,0,85.01
4500015801,SUP-0028,Aluminium castings,2026-03-07,2026-03-14,200,0,3.32
4500015830,SUP-0028,Aluminium castings,2026-05-21,2026-05-23,1000,0,34.72
4500015846,SUP-0028,Aluminium castings,2026-04-02,2026-04-02,200,0,63.97
4500015848,SUP-0028,Aluminium castings,2026-03-03,2026-03-18,5000,0,91.74
4500015865,SUP-0028,Aluminium castings,2026-06-24,2026-06-27,500,0,28.53
4500015885,SUP-0028,Aluminium castings,2026-03-01,2026-03-01,200,0,103.93
4500015895,SUP-0028,Aluminium castings,2026-03-10,2026-03-10,200,0,1.77
4500015924,0000100153,Brazed heat exchangers,2026-07-21,2026-07-21,500,0,46.25
4500015935,0000100153,Brazed heat exchangers,2026-04-14,2026-04-14,1000,1,116.38
4500015957,0000100153,Brazed heat exchangers,2026-05-13,2026-05-13,1000,0,15.32
4500015984,0000100153,Brazed heat exchangers,2026-03-18,2026-03-18,5000,0,119.53
4500016009,0000100153,Brazed heat exchangers,2026-02-23,2026-02-23,5000,2,109.05
4500016031,0000100153,Brazed heat exchangers,2026-08-08,2026-08-08,2000,0,61.72
4500016043,0000100153,Brazed heat exchangers,2026-02-07,2026-02-07,5000,0,37.63
4500016057,0000100153,Brazed heat exchangers,2026-08-16,2026-08-16,100,0,111.9
4500016064,0000100153,Brazed heat exchangers,2026-03-01,2026-03-01,100,0,96.86
4500016080,0000100153,Brazed heat exchangers,2026-07-11,2026-07-11,100,0,61.28
4500016101,0000100153,Brazed heat exchangers,2026-06-24,2026-06-24,500,0,68.74
4500016113,0000100153,Brazed heat exchangers,2026-03-02,2026-03-02,5000,0,50.62
4500016130,0000100153,Brazed heat exchangers,2026-07-20,2026-07-20,1000,0,83.14
4500016159,0000100153,Brazed heat exchangers,2026-01-15,2026-01-15,1000,0,112.26
4500016182,0000100153,Brazed heat exchangers,2026-01-30,2026-01-30,100,0,90.12
4500016195,0000100154,Brazed heat exchangers,2026-04-25,2026-04-25,5000,5,77.07
4500016210,0000100154,Brazed heat exchangers,2026-07-01,2026-07-01,1000,1,71.07
4500016232,0000100154,Brazed heat exchangers,2026-05-20,2026-05-20,1000,1,94.18
4500016241,0000100154,Brazed heat exchangers,2026-08-22,2026-08-22,500,0,51.62
4500016243,0000100154,Brazed heat exchangers,2026-05-20,2026-05-20,100,0,33.63
4500016268,0000100154,Brazed heat exchangers,2026-08-15,2026-08-25,200,0,30.3
4500016287,0000100154,Brazed heat exchangers,2026-05-24,2026-06-02,1000,2,42.86
4500016292,0000100154,Brazed heat exchangers,2026-01-31,2026-01-31,1000,3,78.54
4500016320,0000100154,Brazed heat exchangers,2026-04-15,2026-04-25,200,0,56.0
4500016326,0000100154,Brazed heat exchangers,2026-03-25,2026-03-25,2000,2,46.61
4500016340,0000100154,Brazed heat exchangers,2026-07-08,2026-07-08,1000,1,27.09
4500016344,0000100154,Brazed heat exchangers,2026-02-18,2026-02-27,500,0,31.51
4500016364,0000100154,Brazed heat exchangers,2026-04-18,2026-04-18,2000,1,9.92
4500016369,0000100154,Brazed heat exchangers,2026-06-05,2026-06-20,1000,1,44.2
4500016385,0000100154,Brazed heat exchangers,2026-06-10,2026-06-10,2000,0,53.87
4500016398,0000100154,Brazed heat exchangers,2026-03-21,2026-03-23,2000,3,80.41
4500016405,0000100154,Brazed heat exchangers,2026-03-03,2026-03-03,2000,1,115.65
4500016413,0000100154,Brazed heat exchangers,2026-03-08,2026-03-08,500,0,103.66
4500016432,0000100154,Brazed heat exchangers,2026-04-26,2026-04-26,200,0,64.66
4500016442,0000100154,Brazed heat exchangers,2026-03-28,2026-04-12,500,0,41.59
4500016445,0000100154,Brazed heat exchangers,2026-02-01,2026-02-10,200,0,47.5
4500016462,0000100154,Brazed heat exchangers,2026-01-27,2026-01-27,500,0,62.1
4500016470,0000100162,Rubber seals,2026-02-09,2026-02-16,100,0,55.94
4500016478,0000100162,Rubber seals,2026-04-09,2026-04-09,500,0,111.75
4500016488,0000100162,Rubber seals,2026-04-12,2026-04-13,5000,5,73.51
4500016489,0000100162,Rubber seals,2026-04-11,2026-04-14,2000,1,81.24
4500016519,0000100162,Rubber seals,2026-06-05,2026-06-05,200,0,11.0
4500016534,0000100162,Rubber seals,2026-06-23,2026-06-23,5000,2,52.79
4500016547,0000100162,Rubber seals,2026-01-09,2026-01-13,500,0,17.03
4500016567,0000100162,Rubber seals,2026-08-19,2026-08-27,1000,1,36.78
4500016591,0000100162,Rubber seals,2026-06-16,2026-06-16,100,0,60.31
4500016601,0000100162,Rubber seals,2026-01-19,2026-01-19,200,0,9.95
4500016620,0000100162,Rubber seals,2026-03-15,2026-03-20,2000,1,39.16
4500016650,0000100162,Rubber seals,2026-01-05,2026-01-19,200,0,46.47
4500016667,0000100162,Rubber seals,2026-04-28,2026-04-28,5000,2,28.03
4500016679,0000100168,Valves,2026-05-16,2026-05-16,2000,1,49.92
4500016684,0000100168,Valves,2026-06-07,2026-06-07,5000,0,86.4
4500016694,0000100168,Valves,2026-03-07,2026-03-07,100,0,102.46
4500016702,0000100168,Valves,2026-01-26,2026-01-26,5000,0,6.97
4500016726,0000100168,Valves,2026-02-26,2026-02-26,1000,0,73.09
4500016732,0000100168,Valves,2026-01-27,2026-01-27,5000,1,38.44
4500016738,0000100168,Valves,2026-04-19,2026-04-19,100,0,7.21
4500016768,0000100168,Valves,2026-05-29,2026-05-29,500,1,19.97
4500016788,0000100168,Valves,2026-07-07,2026-07-07,1000,0,8.06
4500016796,0000100168,Valves,2026-04-18,2026-04-18,1000,0,81.69
4500016818,0000100168,Valves,2026-03-14,2026-03-14,2000,0,86.66
4500016830,0000100168,Valves,2026-01-18,2026-01-18,200,0,56.49
4500016839,0000100168,Valves,2026-07-30,2026-07-30,100,0,109.75
4500016840,0000100168,Valves,2026-02-11,2026-02-11,5000,0,98.38
4500016866,0000100168,Valves,2026-04-26,2026-04-26,200,0,27.95
4500016874,0000100168,Valves,2026-02-10,2026-02-10,2000,0,86.24
4500016888,0000100168,Valves,2026-02-18,2026-02-18,500,0,26.11
4500016912,0000100168,Valves,2026-03-05,2026-03-05,500,0,35.72
4500016936,0000100168,Valves,2026-07-20,2026-07-20,5000,1,5.49
4500016955,0000100168,Valves,2026-02-21,2026-02-27,500,0,107.84
4500016958,0000100168,Valves,2026-08-23,2026-08-23,200,0,117.6
4500016981,0000100168,Valves,2026-05-16,2026-05-21,1000,1,65.05
4500016991,0000100168,Valves,2026-08-24,2026-08-24,200,0,88.54
4500017020,0000100168,Valves,2026-02-04,2026-02-04,1000,0,55.35
4500017047,0000100168,Valves,2026-04-10,2026-04-10,5000,1,28.82
4500017063,0000100168,Valves,2026-03-06,2026-03-06,200,0,16.92
4500017089,0000100168,Valves,2026-04-26,2026-05-07,200,0,84.25
4500017114,0000100168,Valves,2026-01-05,2026-01-15,200,0,43.87
4500017134,SUP-0030,Electronic sensors,2026-05-07,2026-05-07,200,0,51.91
4500017138,SUP-0030,Electronic sensors,2026-06-16,2026-06-16,500,0,56.1
4500017149,SUP-0030,Electronic sensors,2026-04-05,2026-04-05,200,0,10.57
4500017176,SUP-0030,Electronic sensors,2026-04-11,2026-04-11,200,0,72.48
4500017179,SUP-0030,Electronic sensors,2026-02-10,2026-02-10,500,0,63.89
4500017188,SUP-0030,Electronic sensors,2026-06-16,2026-06-16,200,0,17.85
4500017214,SUP-0030,Electronic sensors,2026-08-26,2026-08-26,2000,0,8.33
4500017226,SUP-0030,Electronic sensors,2026-06-29,2026-06-29,100,0,84.6
4500017242,SUP-0030,Electronic sensors,2026-03-28,2026-03-28,1000,0,62.88
4500017268,SUP-0030,Electronic sensors,2026-03-29,2026-03-29,100,0,54.31
4500017286,SUP-0030,Electronic sensors,2026-06-12,2026-06-12,200,0,76.74
4500017290,SUP-0030,Electronic sensors,2026-07-13,2026-07-13,5000,0,17.44
4500017313,SUP-0030,Electronic sensors,2026-06-02,2026-06-02,5000,0,40.1
4500017335,SUP-0030,Electronic sensors,2026-05-20,2026-05-20,1000,0,61.01
4500017360,SUP-0030,Electronic sensors,2026-06-21,2026-06-24,2000,0,20.11
4500017361,SUP-0030,Electronic sensors,2026-07-04,2026-07-04,500,0,73.7
4500017390,SUP-0030,Electronic sensors,2026-01-13,2026-01-13,5000,1,13.63
4500017420,SUP-0030,Electronic sensors,2026-04-13,2026-04-13,1000,0,28.19
4500017429,SUP-0030,Electronic sensors,2026-02-07,2026-02-07,5000,1,25.33
4500017443,SUP-0030,Electronic sensors,2026-04-06,2026-04-06,1000,0,52.01
4500017462,SUP-0030,Electronic sensors,2026-01-10,2026-01-10,100,0,45.75
4500017470,SUP-0030,Electronic sensors,2026-06-01,2026-06-15,500,0,50.78
4500017500,SUP-0030,Electronic sensors,2026-03-02,2026-03-02,5000,2,18.6
4500017520,SUP-0030,Electronic sensors,2026-02-20,2026-02-20,200,0,90.73
4500017548,SUP-0030,Electronic sensors,2026-07-18,2026-07-18,1000,0,60.56
4500017578,SUP-0030,Electronic sensors,2026-03-08,2026-03-08,1000,1,79.05
4500017607,SUP-0030,Electronic sensors,2026-03-29,2026-03-29,5000,3,7.61
4500017619,SUP-0030,Electronic sensors,2026-03-23,2026-03-23,5000,0,101.14
4500017644,SUP-0030,Electronic sensors,2026-04-17,2026-04-17,500,0,91.56
4500017668,SUP-0030,Electronic sensors,2026-06-02,2026-06-02,200,0,90.83
4500017690,SUP-0030,Electronic sensors,2026-08-25,2026-08-25,500,0,66.44
4500017698,SUP-0030,Electronic sensors,2026-09-02,2026-09-02,500,0,109.75
4500017700,SUP-0030,Electronic sensors,2026-05-16,2026-05-16,1000,0,83.58
4500017730,SUP-0030,Electronic sensors,2026-06-23,2026-06-23,200,0,9.09
4500017732,SUP-0030,Electronic sensors,2026-08-14,2026-08-14,100,0,115.76
4500017750,SUP-0030,Electronic sensors,2026-03-14,2026-03-14,500,0,33.86
4500017774,SUP-0030,Electronic sensors,2026-02-15,2026-02-15,2000,1,43.95
4500017780,SUP-0031,Electronic sensors,2026-03-10,2026-03-10,500,0,88.98
4500017798,SUP-0031,Electronic sensors,2026-03-17,2026-03-18,5000,1,94.86
4500017805,SUP-0031,Electronic sensors,2026-05-10,2026-05-21,100,0,6.45
4500017823,SUP-0031,Electronic sensors,2026-02-21,2026-02-21,2000,0,109.26
4500017846,SUP-0031,Electronic sensors,2026-02-28,2026-02-28,1000,0,2.14
4500017849,SUP-0031,Electronic sensors,2026-02-07,2026-02-07,200,0,65.4
4500017851,SUP-0031,Electronic sensors,2026-07-24,2026-08-02,200,0,23.41
4500017877,SUP-0031,Electronic sensors,2026-02-13,2026-02-13,100,0,40.68
4500017886,SUP-0031,Electronic sensors,2026-01-10,2026-01-10,500,0,94.05
4500017890,SUP-0031,Electronic sensors,2026-08-05,2026-08-17,200,0,109.15
4500017910,SUP-0031,Electronic sensors,2026-06-26,2026-06-26,100,0,28.44
4500017911,SUP-0031,Electronic sensors,2026-07-10,2026-07-10,2000,0,109.53
4500017922,SUP-0031,Electronic sensors,2026-02-28,2026-02-28,500,0,82.24
4500017941,0000100169,Plastic housings,2026-04-17,2026-04-17,100,0,17.31
4500017945,0000100169,Plastic housings,2026-06-28,2026-06-28,100,0,80.05
4500017972,0000100169,Plastic housings,2026-06-05,2026-06-05,2000,0,112.98
4500017992,0000100169,Plastic housings,2026-01-26,2026-01-26,2000,0,47.31
4500018011,0000100169,Plastic housings,2026-04-25,2026-04-25,500,0,98.19
4500018020,0000100169,Plastic housings,2026-02-23,2026-02-23,100,0,24.1
4500018028,0000100169,Plastic housings,2026-08-01,2026-08-01,100,0,59.89
4500018040,0000100169,Plastic housings,2026-08-14,2026-08-14,5000,0,9.27
4500018068,0000100169,Plastic housings,2026-02-26,2026-02-26,500,0,9.92
4500018071,0000100169,Plastic housings,2026-03-30,2026-03-30,500,0,14.23
4500018100,0000100169,Plastic housings,2026-01-14,2026-01-14,2000,0,63.22
4500018116,0000100169,Plastic housings,2026-03-29,2026-03-29,500,0,79.12
4500018122,0000100169,Plastic housings,2026-07-31,2026-08-09,2000,1,64.25
4500018132,0000100169,Plastic housings,2026-08-24,2026-08-24,1000,0,63.8
4500018152,0000100169,Plastic housings,2026-05-25,2026-05-25,200,0,106.96
4500018157,0000100169,Plastic housings,2026-04-27,2026-04-27,200,0,86.29
4500018170,0000100169,Plastic housings,2026-05-27,2026-05-27,1000,0,54.78
4500018178,0000100169,Plastic housings,2026-06-24,2026-06-24,1000,0,62.92
4500018206,0000100169,Plastic housings,2026-07-23,2026-07-31,1000,0,69.27
4500018233,0000100169,Plastic housings,2026-02-25,2026-02-25,100,0,37.06
4500018258,0000100169,Plastic housings,2026-06-06,2026-06-06,5000,0,88.24
4500018283,0000100169,Plastic housings,2026-02-17,2026-02-17,5000,1,0.55
4500018304,0000100169,Plastic housings,2026-02-17,2026-02-17,200,0,101.6
4500018313,0000100169,Plastic housings,2026-02-15,2026-02-15,5000,0,87.8
4500018321,0000100169,Plastic housings,2026-08-31,2026-08-31,500,0,30.24
4500018332,0000100169,Plastic housings,2026-01-29,2026-01-29,2000,0,16.79
4500018344,0000100169,Plastic housings,2026-08-26,2026-08-26,200,0,92.48
4500018353,0000100169,Plastic housings,2026-03-15,2026-03-15,2000,0,30.79
4500018362,0000100169,Plastic housings,2026-07-07,2026-07-07,1000,0,16.23
4500018375,0000100169,Plastic housings,2026-08-29,2026-08-29,500,0,106.04
4500018399,0000100169,Plastic housings,2026-01-12,2026-01-12,5000,0,78.9
4500018403,0000100169,Plastic housings,2026-02-24,2026-02-24,2000,0,110.15
4500018409,0000100169,Plastic housings,2026-04-11,2026-04-11,2000,0,49.04
4500018413,0000100169,Plastic housings,2026-07-06,2026-07-06,500,0,1.52
4500018414,0000100169,Plastic housings,2026-04-16,2026-04-16,1000,0,49.19
4500018419,0000100169,Plastic housings,2026-01-05,2026-01-05,1000,0,108.41
4500018442,0000100169,Plastic housings,2026-03-11,2026-03-11,5000,1,76.58
4500018450,0000100169,Plastic housings,2026-07-13,2026-07-13,100,0,42.26
4500018479,0000100169,Plastic housings,2026-03-28,2026-03-28,100,0,52.54
4500018506,0000100169,Plastic housings,2026-02-25,2026-02-25,200,0,21.04
4500018520,0000100169,Plastic housings,2026-05-26,2026-05-26,1000,0,113.65
4500018531,0000100169,Plastic housings,2026-05-15,2026-05-15,1000,1,58.04
4500018559,0000100169,Plastic housings,2026-05-07,2026-05-07,100,0,118.92
4500018571,0000100169,Plastic housings,2026-08-08,2026-08-08,500,0,16.23
4500018589,0000100169,Plastic housings,2026-03-10,2026-03-10,200,0,72.99
4500018610,0000100169,Plastic housings,2026-07-05,2026-07-05,2000,1,9.56
4500018622,0000100169,Plastic housings,2026-08-20,2026-08-20,1000,0,54.74
4500018625,0000100169,Plastic housings,2026-02-11,2026-02-11,2000,0,6.58
4500018640,0000100169,Plastic housings,2026-08-14,2026-08-14,200,1,111.13
4500018641,0000100169,Plastic housings,2026-04-02,2026-04-02,1000,0,95.34
4500018670,0000100169,Plastic housings,2026-07-26,2026-07-26,500,0,24.88
4500018682,0000100169,Plastic housings,2026-08-31,2026-08-31,200,0,119.64
4500018689,0000100169,Plastic housings,2026-02-20,2026-02-20,2000,0,111.4
4500018697,0000100169,Plastic housings,2026-05-24,2026-05-24,200,0,29.13
4500018699,0000100169,Plastic housings,2026-03-06,2026-03-06,200,0,29.16
4500018713,0000100169,Plastic housings,2026-03-01,2026-03-01,100,0,38.97
4500018720,0000100169,Plastic housings,2026-06-26,2026-06-26,500,0,57.8
4500018740,0000100169,Plastic housings,2026-07-13,2026-07-13,1000,0,65.4
4500018757,0000100169,Plastic housings,2026-01-18,2026-01-18,200,0,17.6
4500018768,0000100169,Plastic housings,2026-04-14,2026-04-14,2000,0,20.3
4500018784,0000100169,Plastic housings,2026-07-01,2026-07-01,5000,1,89.06
4500018796,0000100169,Plastic housings,2026-04-09,2026-04-09,500,0,10.49
4500018825,0000100169,Plastic housings,2026-03-10,2026-03-10,100,0,101.4
4500018833,0000100169,Plastic housings,2026-02-17,2026-02-17,200,0,4.55
4500018863,0000100169,Plastic housings,2026-05-04,2026-05-04,100,0,114.92
4500018893,0000100169,Plastic housings,2026-06-21,2026-06-21,200,0,82.99
4500018900,0000100169,Plastic housings,2026-08-29,2026-08-29,2000,1,106.05
4500018909,0000100169,Plastic housings,2026-07-27,2026-07-27,500,0,29.8
4500018921,0000100169,Plastic housings,2026-08-05,2026-08-05,200,0,96.58
4500018933,0000100169,Plastic housings,2026-07-17,2026-07-17,2000,0,65.62
4500018948,0000100169,Plastic housings,2026-08-16,2026-08-16,5000,1,61.12
4500018974,0000100169,Plastic housings,2026-03-23,2026-03-23,5000,0,46.14
4500018991,0000100169,Plastic housings,2026-05-18,2026-05-18,5000,1,105.85
4500019009,0000100169,Plastic housings,2026-08-24,2026-08-24,200,0,46.85
4500019016,0000100169,Plastic housings,2026-07-29,2026-07-29,2000,0,1.26
4500019021,0000100169,Plastic housings,2026-08-02,2026-08-02,500,0,26.66
4500019034,0000100169,Plastic housings,2026-06-11,2026-06-11,1000,0,32.86
4500019042,0000100169,Plastic housings,2026-07-10,2026-07-10,1000,0,48.29
4500019050,0000100169,Plastic housings,2026-03-21,2026-03-21,5000,0,1.44
4500019069,0000100169,Plastic housings,2026-02-13,2026-02-13,500,0,12.35
4500019082,0000100169,Plastic housings,2026-07-07,2026-07-15,2000,2,68.53
4500019091,0000100169,Plastic housings,2026-06-26,2026-06-26,5000,0,119.98
4500019095,0000100177,Rubber seals,2026-07-18,2026-07-18,500,1,78.63
4500019101,0000100177,Rubber seals,2026-09-01,2026-09-01,5000,0,95.49
4500019130,0000100177,Rubber seals,2026-06-28,2026-06-28,5000,0,56.46
4500019152,0000100177,Rubber seals,2026-05-23,2026-05-23,5000,0,90.67
4500019172,0000100177,Rubber seals,2026-07-30,2026-07-30,5000,1,14.55
4500019182,0000100177,Rubber seals,2026-07-14,2026-07-16,2000,1,42.63
4500019190,0000100177,Rubber seals,2026-08-12,2026-08-12,2000,0,58.8
4500019201,0000100177,Rubber seals,2026-03-19,2026-03-19,1000,0,4.12
4500019231,0000100180,Hoses & connectors,2026-05-27,2026-05-27,1000,1,23.76
4500019261,0000100180,Hoses & connectors,2026-01-26,2026-01-30,5000,4,66.01
4500019266,0000100180,Hoses & connectors,2026-07-26,2026-07-26,2000,1,22.86
4500019271,0000100180,Hoses & connectors,2026-04-01,2026-04-01,1000,0,46.09
4500019290,0000100180,Hoses & connectors,2026-01-05,2026-01-05,100,0,55.39
4500019312,0000100180,Hoses & connectors,2026-03-30,2026-03-30,5000,6,101.59
4500019314,0000100180,Hoses & connectors,2026-06-21,2026-06-21,2000,0,20.46
4500019331,0000100180,Hoses & connectors,2026-08-08,2026-08-08,2000,2,2.2
4500019342,0000100180,Hoses & connectors,2026-05-27,2026-05-27,500,0,23.48
4500019370,0000100180,Hoses & connectors,2026-06-08,2026-06-22,200,0,61.01
4500019396,0000100180,Hoses & connectors,2026-02-07,2026-02-07,200,0,43.75
4500019418,0000100180,Hoses & connectors,2026-02-23,2026-03-02,200,0,69.63
4500019431,0000100180,Hoses & connectors,2026-07-31,2026-07-31,100,0,46.72
4500019457,0000100186,Rubber seals,2026-06-29,2026-06-29,1000,0,0.73
4500019480,0000100186,Rubber seals,2026-03-08,2026-03-08,2000,0,81.36
4500019486,0000100186,Rubber seals,2026-05-11,2026-05-11,1000,0,5.42
4500019515,0000100186,Rubber seals,2026-04-18,2026-04-18,1000,0,45.04
4500019545,0000100186,Rubber seals,2026-02-08,2026-02-08,2000,0,1.95
4500019560,0000100186,Rubber seals,2026-08-11,2026-08-11,200,0,19.72
4500019581,0000100186,Rubber seals,2026-03-23,2026-03-23,500,0,11.46
4500019586,0000100186,Rubber seals,2026-06-07,2026-06-07,200,0,64.04
4500019587,0000100186,Rubber seals,2026-08-02,2026-08-02,5000,0,106.97
4500019614,0000100186,Rubber seals,2026-08-07,2026-08-07,200,0,74.49
4500019623,0000100186,Rubber seals,2026-05-09,2026-05-09,100,0,97.09
4500019645,0000100186,Rubber seals,2026-05-23,2026-05-23,2000,0,20.48
4500019646,0000100186,Rubber seals,2026-06-16,2026-06-16,2000,0,26.73
4500019650,0000100186,Rubber seals,2026-08-20,2026-08-29,500,0,33.02
4500019658,0000100186,Rubber seals,2026-08-08,2026-08-08,5000,1,47.0
4500019682,0000100186,Rubber seals,2026-01-09,2026-01-09,200,0,80.25
4500019710,0000100186,Rubber seals,2026-03-09,2026-03-09,2000,0,55.07
4500019731,0000100186,Rubber seals,2026-04-07,2026-04-07,1000,0,107.9
4500019760,0000100186,Rubber seals,2026-04-19,2026-04-19,5000,1,58.96
4500019786,0000100186,Rubber seals,2026-06-24,2026-07-03,2000,0,14.31
4500019807,0000100186,Rubber seals,2026-07-10,2026-07-10,1000,0,43.39
4500019835,0000100186,Rubber seals,2026-01-30,2026-01-30,200,0,65.41
4500019865,0000100186,Rubber seals,2026-03-12,2026-03-12,2000,0,0.83
4500019878,0000100186,Rubber seals,2026-03-29,2026-03-29,100,0,24.55
4500019891,0000100186,Rubber seals,2026-07-18,2026-07-18,100,0,25.15
4500019913,0000100186,Rubber seals,2026-07-29,2026-07-29,200,0,39.99
4500019926,0000100186,Rubber seals,2026-04-16,2026-04-16,200,0,113.47
4500019936,0000100186,Rubber seals,2026-02-27,2026-02-27,1000,0,109.78
4500019946,0000100186,Rubber seals,2026-01-13,2026-01-13,200,0,69.77
4500019971,0000100186,Rubber seals,2026-07-06,2026-07-06,200,0,100.87
4500019977,0000100186,Rubber seals,2026-06-07,2026-06-07,200,0,39.81
4500020006,0000100186,Rubber seals,2026-04-19,2026-04-19,5000,0,35.53
4500020023,0000100186,Rubber seals,2026-08-20,2026-08-20,1000,0,113.1
4500020051,0000100186,Rubber seals,2026-03-14,2026-03-14,2000,0,67.2
4500020080,0000100186,Rubber seals,2026-07-17,2026-07-17,1000,0,9.07
4500020099,0000100186,Rubber seals,2026-02-21,2026-02-21,100,0,65.37
4500020110,0000100186,Rubber seals,2026-07-10,2026-07-10,200,0,58.18
4500020112,0000100186,Rubber seals,2026-05-17,2026-05-17,100,0,14.33
4500020132,0000100186,Rubber seals,2026-04-04,2026-04-04,2000,0,76.01
4500020134,0000100186,Rubber seals,2026-08-25,2026-08-25,2000,0,39.84
4500020151,0000100186,Rubber seals,2026-04-03,2026-04-03,5000,0,47.92
4500020159,0000100186,Rubber seals,2026-05-18,2026-05-18,1000,1,31.11
4500020166,0000100186,Rubber seals,2026-06-01,2026-06-01,1000,0,62.8
4500020169,0000100186,Rubber seals,2026-04-22,2026-04-22,1000,0,14.47
4500020192,0000100186,Rubber seals,2026-04-06,2026-04-06,200,0,14.81
4500020203,0000100186,Rubber seals,2026-02-07,2026-02-07,1000,0,111.33
4500020212,0000100186,Rubber seals,2026-03-18,2026-03-18,100,0,41.72
4500020232,0000100186,Rubber seals,2026-03-02,2026-03-02,5000,0,80.46
4500020261,0000100186,Rubber seals,2026-03-04,2026-03-04,5000,2,103.65
4500020288,0000100186,Rubber seals,2026-03-02,2026-03-02,500,0,36.25
4500020300,0000100186,Rubber seals,2026-03-28,2026-03-28,2000,0,74.3
4500020310,0000100186,Rubber seals,2026-02-01,2026-02-01,1000,0,16.1
4500020314,0000100186,Rubber seals,2026-06-26,2026-06-26,100,0,98.46
4500020323,0000100186,Rubber seals,2026-03-12,2026-03-12,100,0,64.26
4500020339,0000100186,Rubber seals,2026-02-03,2026-02-03,2000,1,11.43
4500020365,0000100186,Rubber seals,2026-05-15,2026-05-15,500,0,59.96
4500020371,0000100186,Rubber seals,2026-06-08,2026-06-08,2000,0,117.39
4500020386,0000100186,Rubber seals,2026-05-20,2026-05-20,500,0,38.11
4500020403,0000100190,Valves,2026-05-13,2026-05-13,100,1,25.76
4500020413,0000100190,Valves,2026-08-14,2026-08-14,100,0,109.47
4500020414,0000100190,Valves,2026-01-14,2026-01-14,1000,0,13.11
4500020444,0000100190,Valves,2026-05-05,2026-05-05,500,0,1.5
4500020467,0000100190,Valves,2026-05-24,2026-05-24,2000,5,9.53
4500020496,0000100190,Valves,2026-03-04,2026-03-04,5000,6,75.17
4500020499,0000100190,Valves,2026-07-02,2026-07-02,2000,3,25.55
4500020508,0000100190,Valves,2026-01-08,2026-01-08,1000,0,78.72
4500020524,0000100190,Valves,2026-07-27,2026-07-27,2000,2,51.27
4500020550,0000100190,Valves,2026-01-12,2026-01-12,200,0,58.19
4500020565,0000100190,Valves,2026-03-16,2026-03-16,500,0,71.91
4500020582,0000100190,Valves,2026-02-03,2026-02-03,1000,0,88.71
4500020607,0000100190,Valves,2026-05-21,2026-05-21,2000,3,35.16
4500020621,0000100190,Valves,2026-08-21,2026-08-21,2000,1,50.62
4500020639,0000100192,Plastic housings,2026-07-16,2026-07-16,2000,2,111.75
4500020648,0000100192,Plastic housings,2026-03-20,2026-03-24,200,0,15.11
4500020660,0000100192,Plastic housings,2026-06-17,2026-06-17,2000,0,48.31
4500020672,0000100192,Plastic housings,2026-06-15,2026-06-15,5000,1,24.34
4500020674,0000100192,Plastic housings,2026-07-27,2026-07-27,2000,0,106.28
4500020689,0000100192,Plastic housings,2026-05-11,2026-05-11,2000,1,61.29
4500020697,SUP-0035,Plastic housings,2026-03-05,2026-03-05,1000,0,63.73
4500020709,SUP-0035,Plastic housings,2026-08-09,2026-08-09,500,0,88.81
4500020715,SUP-0035,Plastic housings,2026-07-12,2026-07-12,200,0,13.51
4500020744,SUP-0035,Plastic housings,2026-03-18,2026-03-18,5000,1,66.39
4500020745,SUP-0035,Plastic housings,2026-07-23,2026-07-23,200,0,65.36
4500020753,SUP-0035,Plastic housings,2026-08-19,2026-08-22,2000,1,85.83
4500020762,SUP-0035,Plastic housings,2026-06-25,2026-06-25,100,0,3.43
4500020789,SUP-0035,Plastic housings,2026-08-03,2026-08-03,200,0,60.49
4500020795,SUP-0035,Plastic housings,2026-03-29,2026-03-29,200,0,57.64
4500020805,0000100196,Fasteners,2026-06-16,2026-06-16,200,0,112.92
4500020828,0000100196,Fasteners,2026-03-26,2026-03-26,500,0,84.54
4500020832,0000100196,Fasteners,2026-01-23,2026-01-23,100,0,104.46
4500020838,0000100196,Fasteners,2026-05-16,2026-05-16,5000,5,54.14
4500020860,0000100196,Fasteners,2026-07-27,2026-07-27,200,0,46.67
4500020862,0000100196,Fasteners,2026-06-03,2026-06-03,5000,3,80.88
4500020864,0000100196,Fasteners,2026-02-25,2026-02-28,2000,1,79.43
4500020886,0000100196,Fasteners,2026-02-11,2026-02-11,5000,3,117.44
4500020894,0000100196,Fasteners,2026-05-21,2026-05-21,200,1,109.37
4500020915,0000100196,Fasteners,2026-08-20,2026-08-20,1000,2,9.35
4500020939,0000100196,Fasteners,2026-07-12,2026-07-12,500,0,50.15
4500020964,0000100196,Fasteners,2026-05-12,2026-05-12,100,0,88.21
4500020989,0000100196,Fasteners,2026-04-11,2026-04-11,100,0,59.67
4500021014,0000100196,Fasteners,2026-08-15,2026-08-15,2000,2,67.69
4500021016,0000100196,Fasteners,2026-02-12,2026-02-12,2000,1,90.34
4500021043,0000100196,Fasteners,2026-02-18,2026-02-18,200,0,118.43
4500021061,0000100196,Fasteners,2026-03-27,2026-03-27,500,1,19.78
4500021090,0000100196,Fasteners,2026-03-13,2026-03-13,1000,1,105.71
4500021112,0000100196,Fasteners,2026-01-16,2026-01-16,2000,2,24.63
4500021126,0000100196,Fasteners,2026-06-15,2026-06-15,1000,1,42.16
4500021131,0000100196,Fasteners,2026-07-29,2026-07-29,5000,4,80.77
4500021157,0000100196,Fasteners,2026-08-06,2026-08-06,5000,6,63.71
4500021158,0000100196,Fasteners,2026-02-19,2026-02-19,2000,0,9.95
4500021172,0000100196,Fasteners,2026-03-09,2026-03-09,5000,2,13.44
4500021177,0000100196,Fasteners,2026-01-08,2026-01-09,500,0,79.28
4500021197,0000100196,Fasteners,2026-07-13,2026-07-17,1000,2,119.21
4500021221,0000100196,Fasteners,2026-07-10,2026-07-10,200,0,41.42
4500021232,0000100196,Fasteners,2026-03-26,2026-03-26,5000,3,14.52
4500021235,0000100196,Fasteners,2026-01-30,2026-01-30,500,1,91.83
4500021265,0000100196,Fasteners,2026-02-12,2026-02-12,200,0,53.2
4500021289,0000100196,Fasteners,2026-02-11,2026-02-11,5000,4,66.4
4500021300,0000100196,Fasteners,2026-07-31,2026-07-31,100,0,98.54
4500021313,0000100196,Fasteners,2026-07-30,2026-08-08,100,0,51.43
4500021329,0000100196,Fasteners,2026-02-12,2026-02-12,1000,0,98.87
4500021334,0000100196,Fasteners,2026-07-06,2026-07-06,500,0,3.09
4500021362,0000100196,Fasteners,2026-03-23,2026-03-23,1000,1,76.87
4500021369,0000100196,Fasteners,2026-05-04,2026-05-04,500,0,58.89
4500021382,0000100196,Fasteners,2026-01-09,2026-01-13,500,0,60.72
4500021383,0000100196,Fasteners,2026-06-15,2026-06-15,5000,6,13.63
4500021399,0000100196,Fasteners,2026-04-05,2026-04-05,200,0,10.1
4500021420,0000100196,Fasteners,2026-07-31,2026-07-31,100,0,74.58
4500021438,0000100196,Fasteners,2026-03-20,2026-03-20,2000,1,31.16
4500021454,0000100196,Fasteners,2026-03-14,2026-03-14,5000,2,58.71
4500021456,0000100196,Fasteners,2026-06-20,2026-06-20,500,1,52.0
4500021477,0000100196,Fasteners,2026-06-24,2026-06-24,1000,0,89.64
4500021502,0000100196,Fasteners,2026-04-11,2026-04-11,500,0,71.38
4500021509,0000100196,Fasteners,2026-08-09,2026-08-09,5000,5,98.08
4500021527,0000100196,Fasteners,2026-01-14,2026-01-14,100,0,9.82
4500021547,0000100196,Fasteners,2026-07-25,2026-07-25,500,1,19.9
4500021566,0000100196,Fasteners,2026-05-10,2026-05-10,5000,8,87.35
4500021570,0000100196,Fasteners,2026-07-22,2026-07-22,200,0,90.38
4500021587,0000100196,Fasteners,2026-07-16,2026-07-16,5000,4,34.87
4500021609,0000100203,Fasteners,2026-06-28,2026-06-30,5000,0,90.02
4500021611,0000100203,Fasteners,2026-06-14,2026-06-14,100,0,70.12
4500021612,0000100203,Fasteners,2026-01-08,2026-01-08,100,0,6.15
4500021623,0000100203,Fasteners,2026-02-23,2026-02-23,2000,0,12.99
4500021628,0000100203,Fasteners,2026-07-05,2026-07-08,200,0,85.87
4500021643,0000100203,Fasteners,2026-02-10,2026-02-23,2000,0,82.42
4500021667,0000100203,Fasteners,2026-06-28,2026-06-28,1000,0,48.17
4500021677,0000100203,Fasteners,2026-05-24,2026-05-30,5000,0,93.63
4500021690,0000100203,Fasteners,2026-06-02,2026-06-09,200,1,8.0
4500021712,0000100203,Fasteners,2026-08-26,2026-08-26,200,0,67.84
4500021737,0000100203,Fasteners,2026-08-09,2026-08-14,100,0,81.02
4500021744,0000100203,Fasteners,2026-05-16,2026-05-16,1000,0,60.52
4500021763,0000100203,Fasteners,2026-06-05,2026-06-20,5000,0,29.16
4500021777,0000100203,Fasteners,2026-01-07,2026-01-07,1000,0,69.61
4500021795,0000100203,Fasteners,2026-09-01,2026-09-01,200,0,3.51
4500021823,0000100203,Fasteners,2026-05-12,2026-05-21,1000,0,44.85
4500021830,0000100203,Fasteners,2026-05-10,2026-05-14,200,0,59.86
4500021845,0000100203,Fasteners,2026-02-14,2026-02-17,500,0,74.09
4500021857,0000100203,Fasteners,2026-06-16,2026-06-25,100,0,107.29
4500021878,0000100203,Fasteners,2026-08-07,2026-08-07,100,0,54.25
4500021886,0000100203,Fasteners,2026-04-21,2026-04-22,500,0,22.06
4500021908,0000100203,Fasteners,2026-07-01,2026-07-01,5000,0,108.74
4500021914,0000100203,Fasteners,2026-01-14,2026-01-20,1000,0,69.23
4500021934,0000100203,Fasteners,2026-08-20,2026-08-28,1000,0,50.24
4500021962,0000100203,Fasteners,2026-02-18,2026-02-18,5000,2,20.37
4500021975,0000100203,Fasteners,2026-05-09,2026-05-09,200,0,16.24
4500021990,0000100203,Fasteners,2026-08-12,2026-08-20,1000,0,31.39
4500022020,0000100203,Fasteners,2026-04-13,2026-04-13,100,0,16.93
4500022046,0000100203,Fasteners,2026-04-24,2026-04-24,5000,0,6.62
4500022073,0000100203,Fasteners,2026-02-01,2026-02-01,100,0,57.31
4500022094,0000100203,Fasteners,2026-05-22,2026-05-22,200,0,118.1
4500022098,0000100206,Valves,2026-07-25,2026-07-25,2000,0,83.4
4500022114,0000100206,Valves,2026-03-24,2026-04-01,200,0,26.02
4500022121,0000100206,Valves,2026-07-17,2026-07-17,500,0,100.63
4500022139,0000100206,Valves,2026-03-20,2026-03-20,2000,0,19.41
4500022149,0000100206,Valves,2026-03-06,2026-03-20,100,0,82.03
4500022178,0000100206,Valves,2026-03-10,2026-03-10,5000,1,99.34
4500022205,0000100206,Valves,2026-08-24,2026-08-24,1000,0,3.48
4500022225,0000100206,Valves,2026-05-24,2026-06-07,100,0,54.95
4500022248,0000100206,Valves,2026-08-09,2026-08-09,2000,1,54.77
4500022275,0000100206,Valves,2026-05-15,2026-05-19,200,0,69.82
4500022295,0000100206,Valves,2026-02-10,2026-02-10,1000,0,19.3
4500022304,0000100206,Valves,2026-02-14,2026-02-14,100,0,118.43
4500022310,0000100206,Valves,2026-01-09,2026-01-09,100,0,9.13
4500022332,0000100206,Valves,2026-08-15,2026-08-15,200,0,102.93
4500022339,0000100206,Valves,2026-06-07,2026-06-07,100,0,82.57
4500022352,0000100206,Valves,2026-08-23,2026-08-23,5000,1,6.23
4500022382,0000100206,Valves,2026-07-12,2026-07-25,1000,0,99.91
4500022406,0000100206,Valves,2026-05-27,2026-05-27,5000,1,16.87
4500022431,0000100206,Valves,2026-07-04,2026-07-04,2000,0,90.61
4500022452,0000100206,Valves,2026-03-11,2026-03-11,1000,0,109.99
4500022477,0000100206,Valves,2026-01-17,2026-01-17,200,0,2.11
4500022484,0000100206,Valves,2026-07-17,2026-07-17,500,0,83.54
4500022495,0000100206,Valves,2026-06-14,2026-06-14,1000,0,104.44
4500022502,0000100206,Valves,2026-08-31,2026-09-08,5000,0,112.65
4500022508,0000100206,Valves,2026-03-19,2026-03-19,1000,0,83.02
4500022535,0000100206,Valves,2026-04-23,2026-04-23,1000,0,106.19
4500022551,0000100206,Valves,2026-03-30,2026-04-08,5000,0,104.33
4500022570,0000100206,Valves,2026-02-15,2026-02-15,5000,0,11.25
4500022582,0000100210,Rubber seals,2026-03-21,2026-03-21,5000,1,66.72
4500022588,0000100210,Rubber seals,2026-08-24,2026-08-24,200,0,99.99
4500022596,0000100210,Rubber seals,2026-02-14,2026-02-14,200,0,60.37
4500022621,0000100210,Rubber seals,2026-08-02,2026-08-02,500,0,76.75
4500022622,0000100210,Rubber seals,2026-06-14,2026-06-17,500,0,57.34
4500022629,0000100210,Rubber seals,2026-04-23,2026-05-07,100,0,101.52
4500022631,0000100210,Rubber seals,2026-04-17,2026-04-17,200,0,6.61
4500022637,0000100210,Rubber seals,2026-03-27,2026-04-09,500,0,113.34
4500022658,0000100210,Rubber seals,2026-05-15,2026-05-15,5000,1,2.36
4500022664,0000100210,Rubber seals,2026-06-19,2026-06-19,5000,0,104.97
4500022687,0000100216,Electronic sensors,2026-07-06,2026-07-06,100,1,56.09
4500022691,0000100216,Electronic sensors,2026-06-12,2026-06-12,5000,16,64.2
4500022697,0000100216,Electronic sensors,2026-01-19,2026-01-19,100,0,36.36
4500022714,0000100216,Electronic sensors,2026-06-06,2026-06-06,5000,24,4.22
4500022740,0000100216,Electronic sensors,2026-05-16,2026-05-16,1000,3,84.12
4500022747,0000100216,Electronic sensors,2026-01-09,2026-01-09,2000,10,95.62
4500022753,0000100216,Electronic sensors,2026-03-22,2026-03-22,500,4,45.16
4500022774,0000100216,Electronic sensors,2026-06-08,2026-06-08,500,2,22.95
4500022797,0000100216,Electronic sensors,2026-02-19,2026-02-19,1000,5,63.55
4500022817,0000100216,Electronic sensors,2026-08-05,2026-08-05,500,2,42.67
4500022824,0000100216,Electronic sensors,2026-05-20,2026-05-20,2000,5,59.18
4500022839,0000100216,Electronic sensors,2026-01-08,2026-01-08,500,1,45.57
4500022844,0000100216,Electronic sensors,2026-03-16,2026-03-16,100,1,55.54
4500022851,0000100216,Electronic sensors,2026-04-20,2026-04-20,200,0,7.41
4500022866,0000100216,Electronic sensors,2026-05-09,2026-05-09,500,1,28.82
4500022892,0000100216,Electronic sensors,2026-08-13,2026-08-17,1000,2,102.17
4500022922,0000100216,Electronic sensors,2026-08-04,2026-08-04,500,4,15.11
4500022938,0000100216,Electronic sensors,2026-04-19,2026-04-19,1000,4,17.11
4500022960,0000100216,Electronic sensors,2026-02-21,2026-02-21,5000,36,61.59
4500022982,0000100216,Electronic sensors,2026-06-28,2026-06-28,5000,21,32.31
4500023012,0000100216,Electronic sensors,2026-08-09,2026-08-09,2000,9,83.75
4500023027,0000100216,Electronic sensors,2026-02-13,2026-02-13,5000,27,113.99
4500023030,0000100216,Electronic sensors,2026-07-07,2026-07-07,200,0,48.05
4500023036,0000100216,Electronic sensors,2026-06-05,2026-06-05,2000,6,86.0
4500023041,0000100216,Electronic sensors,2026-08-13,2026-08-13,500,6,23.11
4500023052,0000100224,Rubber seals,2026-03-25,2026-03-25,100,0,1.13
4500023055,0000100224,Rubber seals,2026-03-25,2026-03-25,2000,0,51.81
4500023065,0000100224,Rubber seals,2026-03-12,2026-03-12,5000,1,99.59
4500023078,0000100224,Rubber seals,2026-08-20,2026-08-20,2000,0,52.55
4500023108,0000100230,Brazed heat exchangers,2026-02-07,2026-02-13,2000,10,18.54
4500023114,0000100230,Brazed heat exchangers,2026-04-09,2026-04-15,200,3,26.56
4500023128,0000100230,Brazed heat exchangers,2026-01-08,2026-01-14,5000,24,17.27
4500023141,0000100230,Brazed heat exchangers,2026-02-18,2026-02-27,200,1,71.6
4500023142,0000100230,Brazed heat exchangers,2026-08-27,2026-08-27,5000,16,81.08
4500023168,0000100230,Brazed heat exchangers,2026-05-05,2026-05-05,500,3,17.2
4500023170,0000100230,Brazed heat exchangers,2026-06-03,2026-06-03,200,1,15.8
4500023175,0000100230,Brazed heat exchangers,2026-03-16,2026-03-31,5000,20,94.72
4500023190,0000100230,Brazed heat exchangers,2026-01-17,2026-01-17,1000,5,107.23
4500023204,0000100230,Brazed heat exchangers,2026-04-24,2026-04-24,2000,10,35.22
4500023214,0000100230,Brazed heat exchangers,2026-04-15,2026-04-30,500,1,113.04
4500023216,0000100230,Brazed heat exchangers,2026-03-11,2026-03-11,500,0,44.63
4500023221,0000100230,Brazed heat exchangers,2026-07-08,2026-07-08,500,3,35.96
4500023229,0000100230,Brazed heat exchangers,2026-07-23,2026-07-23,200,3,8.6
4500023244,0000100230,Brazed heat exchangers,2026-08-04,2026-08-04,100,0,79.94
4500023256,0000100230,Brazed heat exchangers,2026-08-28,2026-08-28,100,0,21.21
4500023269,0000100230,Brazed heat exchangers,2026-05-27,2026-05-27,2000,13,110.98
4500023282,0000100230,Brazed heat exchangers,2026-05-16,2026-05-16,200,0,92.75
4500023284,0000100230,Brazed heat exchangers,2026-01-15,2026-01-27,500,5,90.1
4500023286,0000100230,Brazed heat exchangers,2026-03-29,2026-03-29,2000,7,66.98
4500023294,0000100230,Brazed heat exchangers,2026-08-03,2026-08-03,2000,12,46.75
4500023312,0000100230,Brazed heat exchangers,2026-06-25,2026-06-25,100,0,88.11
4500023326,0000100230,Brazed heat exchangers,2026-01-20,2026-01-20,500,4,47.29
4500023330,0000100230,Brazed heat exchangers,2026-01-14,2026-01-14,5000,27,65.35
4500023344,0000100230,Brazed heat exchangers,2026-09-01,2026-09-01,200,1,84.02
4500023364,0000100230,Brazed heat exchangers,2026-03-12,2026-03-12,200,1,26.52
4500023378,0000100230,Brazed heat exchangers,2026-02-27,2026-02-27,100,0,24.41
4500023403,0000100230,Brazed heat exchangers,2026-03-30,2026-03-30,100,1,35.68
4500023412,0000100230,Brazed heat exchangers,2026-02-25,2026-02-25,100,0,112.47
4500023438,0000100230,Brazed heat exchangers,2026-04-25,2026-04-25,500,2,117.62
4500023464,0000100230,Brazed heat exchangers,2026-03-02,2026-03-02,2000,10,116.14
4500023476,0000100230,Brazed heat exchangers,2026-04-17,2026-04-26,2000,6,115.31
4500023487,0000100230,Brazed heat exchangers,2026-01-13,2026-01-13,1000,2,52.4
4500023510,0000100230,Brazed heat exchangers,2026-02-01,2026-02-01,1000,4,65.83
4500023517,0000100234,Plastic housings,2026-01-07,2026-01-07,100,0,3.24
4500023523,0000100234,Plastic housings,2026-01-14,2026-01-20,200,0,63.06
4500023552,0000100234,Plastic housings,2026-09-02,2026-09-02,500,1,74.72
4500023554,0000100234,Plastic housings,2026-03-29,2026-03-29,200,0,54.88
4500023559,0000100234,Plastic housings,2026-02-10,2026-02-10,2000,0,14.97
4500023569,0000100234,Plastic housings,2026-05-18,2026-06-01,1000,1,49.58
4500023596,0000100234,Plastic housings,2026-07-27,2026-07-30,200,0,84.18
4500023622,0000100234,Plastic housings,2026-08-29,2026-08-29,1000,0,85.86
4500023624,0000100234,Plastic housings,2026-03-03,2026-03-03,5000,7,53.9
4500023627,0000100234,Plastic housings,2026-04-28,2026-04-28,1000,0,64.81
4500023652,0000100234,Plastic housings,2026-05-05,2026-05-05,2000,2,83.91
4500023654,0000100234,Plastic housings,2026-04-29,2026-04-29,200,0,10.15
4500023670,0000100234,Plastic housings,2026-01-30,2026-02-14,2000,1,22.65
4500023680,0000100234,Plastic housings,2026-04-13,2026-04-13,200,0,101.14
4500023707,0000100234,Plastic housings,2026-08-06,2026-08-06,100,0,24.73
4500023711,0000100234,Plastic housings,2026-06-03,2026-06-04,100,0,47.01
4500023736,0000100234,Plastic housings,2026-08-11,2026-08-12,500,1,43.97
4500023758,0000100234,Plastic housings,2026-05-22,2026-05-28,100,0,3.54
4500023779,0000100234,Plastic housings,2026-05-19,2026-05-19,1000,0,70.06
4500023806,0000100234,Plastic housings,2026-01-10,2026-01-10,5000,1,114.51
4500023834,0000100234,Plastic housings,2026-05-24,2026-05-24,200,0,90.43
4500023850,0000100234,Plastic housings,2026-04-30,2026-04-30,1000,1,110.57
4500023854,0000100234,Plastic housings,2026-06-21,2026-06-21,200,0,114.01
4500023861,0000100234,Plastic housings,2026-08-21,2026-08-21,200,0,55.14
4500023888,0000100234,Plastic housings,2026-03-19,2026-03-19,1000,0,9.95
4500023907,0000100234,Plastic housings,2026-08-20,2026-08-20,200,1,58.64
4500023935,0000100234,Plastic housings,2026-02-19,2026-02-19,500,0,49.54
4500023965,0000100234,Plastic housings,2026-02-21,2026-02-21,1000,0,11.04
4500023980,0000100234,Plastic housings,2026-06-20,2026-06-20,2000,1,105.87
4500024002,0000100234,Plastic housings,2026-04-14,2026-04-14,500,0,119.33
4500024009,0000100234,Plastic housings,2026-03-10,2026-03-10,5000,4,82.41
4500024021,0000100234,Plastic housings,2026-03-09,2026-03-09,5000,7,72.31
4500024041,0000100234,Plastic housings,2026-03-23,2026-03-23,5000,3,104.33
4500024065,0000100234,Plastic housings,2026-07-13,2026-07-13,100,0,119.49
4500024089,0000100234,Plastic housings,2026-01-05,2026-01-05,100,0,87.79
4500024107,0000100234,Plastic housings,2026-08-20,2026-08-20,5000,6,31.55
4500024127,0000100234,Plastic housings,2026-07-06,2026-07-06,100,0,60.33
4500024139,0000100234,Plastic housings,2026-04-22,2026-04-22,100,0,117.81
4500024154,0000100234,Plastic housings,2026-03-29,2026-03-29,200,0,108.0
4500024175,0000100238,Brazed heat exchangers,2026-02-08,2026-02-08,1000,0,106.31
4500024199,0000100238,Brazed heat exchangers,2026-06-23,2026-06-23,1000,0,11.39
4500024227,0000100238,Brazed heat exchangers,2026-04-17,2026-04-17,100,0,10.68
4500024230,0000100238,Brazed heat exchangers,2026-02-14,2026-02-14,2000,1,64.64
4500024237,0000100238,Brazed heat exchangers,2026-03-30,2026-03-30,100,0,6.04
4500024248,0000100238,Brazed heat exchangers,2026-05-01,2026-05-01,1000,0,58.54
4500024253,0000100238,Brazed heat exchangers,2026-07-03,2026-07-03,500,0,90.05
4500024265,0000100238,Brazed heat exchangers,2026-07-23,2026-07-23,1000,0,38.85
4500024266,0000100238,Brazed heat exchangers,2026-04-23,2026-04-23,5000,0,117.38
4500024288,0000100238,Brazed heat exchangers,2026-06-11,2026-06-11,100,0,63.95
4500024294,0000100238,Brazed heat exchangers,2026-07-28,2026-07-31,200,0,78.84
4500024301,0000100238,Brazed heat exchangers,2026-02-04,2026-02-04,2000,1,54.0
4500024323,0000100238,Brazed heat exchangers,2026-08-10,2026-08-10,1000,0,106.33
4500024336,0000100238,Brazed heat exchangers,2026-06-13,2026-06-13,2000,1,12.52
4500024344,0000100238,Brazed heat exchangers,2026-08-30,2026-08-30,200,0,58.85
4500024363,0000100238,Brazed heat exchangers,2026-03-16,2026-03-16,1000,0,35.09
4500024372,0000100238,Brazed heat exchangers,2026-01-28,2026-01-28,1000,0,57.84
4500024402,0000100238,Brazed heat exchangers,2026-02-01,2026-02-01,1000,1,112.32
4500024408,0000100238,Brazed heat exchangers,2026-04-22,2026-04-22,200,0,9.0
4500024425,0000100238,Brazed heat exchangers,2026-05-22,2026-05-22,1000,0,48.51
4500024455,0000100238,Brazed heat exchangers,2026-01-10,2026-01-10,500,0,55.58
4500024464,0000100238,Brazed heat exchangers,2026-08-07,2026-08-12,200,0,38.8
4500024493,0000100238,Brazed heat exchangers,2026-01-17,2026-01-17,100,0,109.58
4500024505,0000100238,Brazed heat exchangers,2026-01-12,2026-01-12,5000,0,113.19
4500024517,SUP-0039,Hoses & connectors,2026-03-27,2026-03-27,5000,0,72.53
4500024521,SUP-0039,Hoses & connectors,2026-03-31,2026-03-31,5000,1,105.32
4500024537,SUP-0039,Hoses & connectors,2026-08-03,2026-08-03,200,0,8.91
4500024551,SUP-0039,Hoses & connectors,2026-03-22,2026-03-22,200,0,21.76
4500024555,SUP-0039,Hoses & connectors,2026-04-29,2026-04-29,500,0,65.03
4500024582,SUP-0039,Hoses & connectors,2026-04-03,2026-04-03,500,0,90.04
4500024594,SUP-0039,Hoses & connectors,2026-02-11,2026-02-11,500,0,29.6
4500024610,SUP-0039,Hoses & connectors,2026-01-16,2026-01-16,2000,3,62.84
4500024630,0000100243,Brazed heat exchangers,2026-01-23,2026-01-23,5000,6,17.98
4500024640,0000100243,Brazed heat exchangers,2026-08-08,2026-08-08,200,0,108.21
4500024649,0000100243,Brazed heat exchangers,2026-07-22,2026-07-22,1000,1,11.36
4500024665,0000100243,Brazed heat exchangers,2026-04-22,2026-04-22,500,2,107.67
4500024691,0000100243,Brazed heat exchangers,2026-01-19,2026-01-20,5000,4,34.33
4500024695,0000100243,Brazed heat exchangers,2026-01-08,2026-01-16,1000,0,53.98
4500024724,0000100243,Brazed heat exchangers,2026-03-26,2026-03-28,5000,4,64.91
4500024737,0000100243,Brazed heat exchangers,2026-04-04,2026-04-13,100,1,20.09
4500024762,0000100243,Brazed heat exchangers,2026-04-27,2026-05-08,2000,2,62.07
4500024766,0000100243,Brazed heat exchangers,2026-05-12,2026-05-12,100,0,65.8
4500024793,0000100243,Brazed heat exchangers,2026-07-28,2026-07-28,1000,2,54.74
4500024802,0000100243,Brazed heat exchangers,2026-01-15,2026-01-15,2000,2,117.95
4500024819,SUP-0041,Packaging,2026-01-09,2026-01-09,2000,0,104.14
4500024837,SUP-0041,Packaging,2026-06-26,2026-06-26,1000,0,110.72
4500024862,SUP-0041,Packaging,2026-06-29,2026-06-29,500,0,51.48
4500024885,SUP-0041,Packaging,2026-05-19,2026-05-19,100,0,62.55
4500024906,SUP-0041,Packaging,2026-03-08,2026-03-08,200,0,60.22
4500024920,SUP-0041,Packaging,2026-05-26,2026-05-26,500,0,94.96
4500024921,SUP-0041,Packaging,2026-07-29,2026-07-29,200,0,65.65
4500024931,SUP-0041,Packaging,2026-03-31,2026-03-31,2000,1,33.61
4500024950,SUP-0041,Packaging,2026-07-28,2026-07-28,200,0,42.23
4500024980,SUP-0041,Packaging,2026-01-18,2026-01-18,2000,0,89.66
4500025006,SUP-0041,Packaging,2026-04-18,2026-04-18,2000,0,19.25
4500025013,SUP-0041,Packaging,2026-01-28,2026-01-28,500,0,47.89
4500025031,SUP-0041,Packaging,2026-02-21,2026-02-21,200,0,7.43
4500025042,SUP-0041,Packaging,2026-05-18,2026-05-18,1000,0,29.23
4500025059,SUP-0041,Packaging,2026-07-19,2026-07-19,200,0,20.34
4500025069,SUP-0041,Packaging,2026-01-17,2026-01-17,500,0,9.83
4500025080,SUP-0041,Packaging,2026-04-13,2026-04-13,2000,0,97.49
4500025108,SUP-0041,Packaging,2026-01-06,2026-01-06,5000,2,23.58
4500025116,SUP-0041,Packaging,2026-04-15,2026-04-15,2000,0,54.16
4500025143,SUP-0041,Packaging,2026-06-21,2026-06-21,5000,0,109.47
4500025166,SUP-0041,Packaging,2026-05-03,2026-05-03,500,0,55.33
4500025181,SUP-0041,Packaging,2026-02-28,2026-02-28,100,0,25.52
4500025201,SUP-0041,Packaging,2026-05-21,2026-05-21,200,0,45.35
4500025209,SUP-0041,Packaging,2026-01-26,2026-01-26,5000,0,74.86
4500025233,SUP-0041,Packaging,2026-06-09,2026-06-09,100,0,112.97
4500025246,SUP-0041,Packaging,2026-02-21,2026-02-21,1000,0,14.74
4500025260,SUP-0041,Packaging,2026-03-21,2026-03-28,100,0,115.91
4500025281,SUP-0041,Packaging,2026-07-18,2026-07-18,2000,0,113.4
4500025298,SUP-0041,Packaging,2026-07-27,2026-07-27,5000,1,0.63
4500025301,SUP-0041,Packaging,2026-04-01,2026-04-01,1000,0,38.93
4500025316,SUP-0041,Packaging,2026-03-09,2026-03-09,1000,0,80.44
4500025342,SUP-0041,Packaging,2026-07-18,2026-07-18,2000,0,61.85
4500025353,SUP-0041,Packaging,2026-04-05,2026-04-05,500,0,93.31
4500025373,SUP-0041,Packaging,2026-02-11,2026-02-11,200,0,116.76
4500025376,SUP-0041,Packaging,2026-06-10,2026-06-10,200,0,73.34
4500025394,SUP-0041,Packaging,2026-04-10,2026-04-10,100,0,119.25
4500025402,SUP-0041,Packaging,2026-05-26,2026-05-26,200,0,8.92
4500025406,SUP-0041,Packaging,2026-02-11,2026-02-11,2000,0,93.78
4500025425,SUP-0041,Packaging,2026-03-17,2026-03-17,200,0,19.69
4500025451,SUP-0041,Packaging,2026-03-21,2026-03-21,500,1,53.43
4500025472,SUP-0041,Packaging,2026-03-26,2026-03-26,500,0,49.38
4500025492,SUP-0041,Packaging,2026-06-10,2026-06-10,100,0,61.87
4500025502,SUP-0041,Packaging,2026-08-14,2026-08-14,5000,1,6.55
4500025518,SUP-0041,Packaging,2026-04-16,2026-04-23,5000,0,99.9
4500025540,SUP-0041,Packaging,2026-02-04,2026-02-04,200,0,16.01
4500025542,SUP-0041,Packaging,2026-07-30,2026-07-30,100,0,39.04
4500025544,SUP-0041,Packaging,2026-03-21,2026-03-21,500,0,76.53
4500025574,SUP-0041,Packaging,2026-07-14,2026-07-14,200,0,57.85
4500025583,SUP-0041,Packaging,2026-03-28,2026-03-28,500,0,10.82
4500025611,SUP-0041,Packaging,2026-04-30,2026-04-30,200,0,46.44
4500025635,SUP-0041,Packaging,2026-05-13,2026-05-13,200,0,67.24
4500025637,SUP-0041,Packaging,2026-02-11,2026-02-11,2000,0,62.85
4500025663,SUP-0041,Packaging,2026-05-25,2026-05-25,500,0,23.12
4500025670,SUP-0041,Packaging,2026-08-04,2026-08-04,5000,0,2.3
4500025688,SUP-0041,Packaging,2026-05-12,2026-05-12,2000,1,112.42
4500025693,SUP-0041,Packaging,2026-05-06,2026-05-06,500,0,101.98
4500025705,SUP-0041,Packaging,2026-03-21,2026-03-21,5000,0,33.93
4500025725,SUP-0041,Packaging,2026-02-26,2026-02-26,5000,0,24.84
4500025740,SUP-0041,Packaging,2026-06-29,2026-06-29,500,0,21.81
4500025747,SUP-0041,Packaging,2026-02-14,2026-02-22,5000,0,30.63
4500025771,SUP-0041,Packaging,2026-03-04,2026-03-04,500,0,72.61
4500025791,SUP-0041,Packaging,2026-04-20,2026-04-20,500,0,69.13
4500025795,SUP-0041,Packaging,2026-06-05,2026-06-05,1000,0,26.34
4500025822,SUP-0041,Packaging,2026-07-05,2026-07-05,1000,1,101.41
4500025843,SUP-0041,Packaging,2026-06-04,2026-06-04,5000,2,80.66
4500025871,SUP-0041,Packaging,2026-05-05,2026-05-05,100,0,116.69
4500025878,SUP-0041,Packaging,2026-02-10,2026-02-10,100,0,94.33
4500025900,SUP-0041,Packaging,2026-03-22,2026-03-22,200,0,38.77
4500025927,SUP-0041,Packaging,2026-04-10,2026-04-10,1000,0,95.62
4500025938,SUP-0041,Packaging,2026-02-24,2026-02-24,200,0,29.96
4500025939,SUP-0041,Packaging,2026-03-02,2026-03-02,100,0,111.33
4500025944,SUP-0041,Packaging,2026-02-03,2026-02-03,1000,1,39.83
4500025960,SUP-0041,Packaging,2026-05-02,2026-05-02,100,0,23.23
4500025969,SUP-0041,Packaging,2026-03-19,2026-03-19,200,0,3.94
4500025970,SUP-0041,Packaging,2026-04-25,2026-04-25,500,0,21.63
4500025982,SUP-0041,Packaging,2026-05-17,2026-05-17,2000,0,30.7
4500026005,SUP-0041,Packaging,2026-02-19,2026-02-19,200,0,53.11
4500026015,SUP-0041,Packaging,2026-07-06,2026-07-06,2000,0,52.2
4500026026,SUP-0041,Packaging,2026-05-31,2026-05-31,1000,1,0.98
4500026037,SUP-0041,Packaging,2026-02-03,2026-02-03,100,0,75.57
4500026046,SUP-0041,Packaging,2026-06-27,2026-06-27,1000,0,3.33
4500026054,SUP-0041,Packaging,2026-05-14,2026-05-14,1000,0,94.87
4500026059,SUP-0041,Packaging,2026-01-09,2026-01-09,5000,0,27.69
4500026078,SUP-0041,Packaging,2026-01-20,2026-01-20,2000,0,78.89
4500026085,SUP-0041,Packaging,2026-06-15,2026-06-15,2000,0,67.49
4500026102,SUP-0041,Packaging,2026-01-05,2026-01-05,1000,0,40.0
4500026127,0000100244,Hoses & connectors,2026-04-26,2026-04-26,1000,0,21.26
4500026145,0000100244,Hoses & connectors,2026-08-19,2026-08-19,500,3,30.05
4500026163,0000100244,Hoses & connectors,2026-07-15,2026-07-15,100,1,47.3
4500026174,0000100244,Hoses & connectors,2026-03-18,2026-03-18,5000,1,97.45
4500026176,0000100244,Hoses & connectors,2026-06-11,2026-06-11,5000,5,7.27
4500026200,0000100244,Hoses & connectors,2026-02-07,2026-02-16,500,0,14.12
4500026208,0000100244,Hoses & connectors,2026-04-13,2026-04-13,100,1,119.01
4500026224,0000100244,Hoses & connectors,2026-05-12,2026-05-12,200,1,90.07
4500026225,0000100244,Hoses & connectors,2026-02-07,2026-02-07,5000,4,111.21
4500026246,0000100244,Hoses & connectors,2026-02-12,2026-02-19,500,0,54.85
4500026267,0000100244,Hoses & connectors,2026-07-26,2026-08-05,1000,0,76.25
4500026276,0000100244,Hoses & connectors,2026-05-30,2026-05-30,500,0,62.6
4500026295,0000100244,Hoses & connectors,2026-08-10,2026-08-18,200,0,39.27
4500026318,0000100244,Hoses & connectors,2026-07-02,2026-07-02,2000,2,49.43
4500026319,0000100244,Hoses & connectors,2026-03-09,2026-03-09,200,0,60.39
4500026331,0000100244,Hoses & connectors,2026-08-22,2026-08-22,5000,2,33.97
4500026354,0000100244,Hoses & connectors,2026-03-19,2026-03-20,100,0,72.37
4500026356,0000100244,Hoses & connectors,2026-04-28,2026-04-28,1000,1,86.07
4500026374,0000100244,Hoses & connectors,2026-05-20,2026-05-20,1000,0,45.46
4500026399,0000100244,Hoses & connectors,2026-01-10,2026-01-13,5000,8,69.73
4500026403,0000100244,Hoses & connectors,2026-05-02,2026-05-08,2000,2,31.72
4500026409,0000100244,Hoses & connectors,2026-06-26,2026-06-26,1000,2,18.76
4500026419,0000100244,Hoses & connectors,2026-07-28,2026-07-30,200,0,87.43
4500026428,0000100244,Hoses & connectors,2026-04-06,2026-04-06,5000,6,107.39
4500026453,0000100244,Hoses & connectors,2026-06-09,2026-06-10,500,1,18.59
4500026461,0000100244,Hoses & connectors,2026-05-19,2026-05-19,5000,3,102.91
4500026481,0000100244,Hoses & connectors,2026-01-05,2026-01-19,500,2,71.17
4500026493,0000100244,Hoses & connectors,2026-08-02,2026-08-02,500,1,38.94
4500026504,0000100244,Hoses & connectors,2026-06-04,2026-06-04,200,0,57.09
4500026514,0000100247,Packaging,2026-06-21,2026-06-25,500,0,34.34
4500026530,0000100247,Packaging,2026-07-01,2026-07-01,1000,0,111.29
4500026535,0000100247,Packaging,2026-07-27,2026-07-27,100,0,48.2
4500026559,0000100247,Packaging,2026-04-08,2026-04-08,100,0,51.06
4500026576,0000100247,Packaging,2026-06-16,2026-06-16,200,0,79.3
4500026601,0000100247,Packaging,2026-05-26,2026-05-26,1000,0,64.36
4500026613,0000100247,Packaging,2026-02-27,2026-02-27,2000,0,26.03
4500026632,0000100247,Packaging,2026-08-10,2026-08-10,1000,0,116.44
4500026652,0000100247,Packaging,2026-06-30,2026-06-30,1000,0,67.71
4500026674,0000100247,Packaging,2026-03-31,2026-04-14,1000,0,88.32
4500026700,0000100254,Hoses & connectors,2026-06-03,2026-06-03,500,1,61.31
4500026727,0000100254,Hoses & connectors,2026-03-06,2026-03-06,2000,2,9.45
4500026746,0000100254,Hoses & connectors,2026-05-17,2026-05-17,5000,5,77.71
4500026753,0000100254,Hoses & connectors,2026-07-13,2026-07-13,2000,0,6.32
4500026764,0000100254,Hoses & connectors,2026-04-03,2026-04-03,5000,2,114.02
4500026784,0000100254,Hoses & connectors,2026-04-05,2026-04-05,200,0,66.96
4500026798,0000100254,Hoses & connectors,2026-06-27,2026-06-27,500,0,18.55
4500026819,0000100254,Hoses & connectors,2026-07-19,2026-07-19,500,0,32.54
4500026829,0000100254,Hoses & connectors,2026-05-13,2026-05-13,5000,6,119.93
4500026835,0000100254,Hoses & connectors,2026-03-06,2026-03-06,500,0,83.17
4500026861,0000100254,Hoses & connectors,2026-07-31,2026-08-14,5000,4,42.1
4500026879,0000100254,Hoses & connectors,2026-03-05,2026-03-05,2000,2,56.07
4500026899,0000100254,Hoses & connectors,2026-06-03,2026-06-03,500,0,26.08
4500026922,0000100254,Hoses & connectors,2026-02-04,2026-02-04,500,0,73.04
4500026942,0000100254,Hoses & connectors,2026-02-06,2026-02-06,5000,7,2.8
4500026965,0000100254,Hoses & connectors,2026-07-02,2026-07-09,1000,3,43.93
4500026979,0000100254,Hoses & connectors,2026-04-15,2026-04-19,2000,3,65.22
4500026981,0000100254,Hoses & connectors,2026-06-11,2026-06-21,5000,5,74.79
4500026989,0000100254,Hoses & connectors,2026-03-12,2026-03-12,200,0,47.21
4500027008,0000100254,Hoses & connectors,2026-02-13,2026-02-13,1000,0,58.15
4500027038,0000100254,Hoses & connectors,2026-06-16,2026-07-01,500,0,105.86
4500027050,0000100254,Hoses & connectors,2026-04-23,2026-04-23,1000,2,73.43
4500027053,0000100254,Hoses & connectors,2026-01-26,2026-01-26,1000,1,107.26
4500027079,0000100254,Hoses & connectors,2026-01-05,2026-01-05,2000,3,78.11
4500027088,0000100254,Hoses & connectors,2026-01-20,2026-01-20,2000,1,91.96
4500027097,0000100254,Hoses & connectors,2026-07-07,2026-07-08,1000,1,27.98
4500027126,0000100254,Hoses & connectors,2026-07-28,2026-07-28,2000,2,76.93
4500027130,0000100254,Hoses & connectors,2026-06-30,2026-06-30,1000,1,21.45
4500027139,0000100254,Hoses & connectors,2026-03-26,2026-03-26,500,0,95.75
4500027156,0000100254,Hoses & connectors,2026-05-04,2026-05-13,500,0,111.65
4500027169,0000100254,Hoses & connectors,2026-06-20,2026-06-25,1000,1,13.01
4500027182,0000100254,Hoses & connectors,2026-02-11,2026-02-11,2000,0,61.62
4500027209,0000100254,Hoses & connectors,2026-04-01,2026-04-01,2000,3,32.85
4500027227,0000100254,Hoses & connectors,2026-08-04,2026-08-04,100,0,66.77
4500027257,0000100254,Hoses & connectors,2026-06-15,2026-06-15,1000,0,58.39
4500027275,0000100261,Rubber seals,2026-02-08,2026-02-22,5000,2,82.44
4500027303,0000100261,Rubber seals,2026-02-06,2026-02-06,1000,1,37.32
4500027330,0000100261,Rubber seals,2026-02-04,2026-02-16,5000,3,27.29
4500027336,0000100261,Rubber seals,2026-07-16,2026-07-16,1000,0,53.07
4500027356,0000100261,Rubber seals,2026-03-24,2026-03-24,200,0,31.65
4500027378,0000100261,Rubber seals,2026-05-12,2026-05-12,1000,1,95.56
4500027381,0000100261,Rubber seals,2026-04-22,2026-04-22,5000,3,80.08
4500027395,0000100261,Rubber seals,2026-03-27,2026-03-27,1000,0,72.03
4500027417,0000100261,Rubber seals,2026-03-28,2026-03-28,100,0,89.02
4500027431,0000100261,Rubber seals,2026-03-25,2026-03-25,500,0,94.38
4500027438,0000100261,Rubber seals,2026-06-20,2026-06-20,200,0,9.57
4500027439,0000100261,Rubber seals,2026-08-27,2026-08-27,5000,4,85.69
4500027449,0000100261,Rubber seals,2026-05-27,2026-05-27,100,0,88.73
4500027471,0000100261,Rubber seals,2026-04-05,2026-04-05,2000,2,26.8
4500027494,0000100261,Rubber seals,2026-08-03,2026-08-03,2000,1,70.85
4500027499,0000100261,Rubber seals,2026-08-04,2026-08-04,2000,1,14.84
4500027529,0000100261,Rubber seals,2026-06-27,2026-06-27,1000,0,114.13
4500027554,0000100261,Rubber seals,2026-04-22,2026-04-22,2000,0,49.77
4500027569,0000100261,Rubber seals,2026-04-24,2026-04-24,500,1,12.34
4500027577,0000100261,Rubber seals,2026-08-08,2026-08-08,1000,1,59.57
4500027591,0000100261,Rubber seals,2026-05-02,2026-05-02,100,0,89.18
4500027615,0000100261,Rubber seals,2026-05-24,2026-05-24,2000,2,42.1
4500027639,0000100261,Rubber seals,2026-07-14,2026-07-14,2000,5,44.58
4500027668,0000100261,Rubber seals,2026-06-29,2026-06-29,500,0,27.12
4500027694,0000100261,Rubber seals,2026-05-12,2026-05-12,200,0,85.69
4500027695,0000100261,Rubber seals,2026-04-18,2026-04-18,500,0,66.72
4500027710,0000100261,Rubber seals,2026-08-09,2026-08-09,100,0,113.39
4500027729,0000100261,Rubber seals,2026-04-14,2026-04-14,2000,2,114.94
4500027743,0000100261,Rubber seals,2026-06-18,2026-06-18,500,0,2.99
4500027759,0000100261,Rubber seals,2026-08-09,2026-08-21,1000,0,55.43
4500027766,0000100261,Rubber seals,2026-08-23,2026-08-23,500,0,118.85
4500027783,0000100261,Rubber seals,2026-04-18,2026-04-18,2000,3,49.96
4500027808,0000100261,Rubber seals,2026-03-04,2026-03-04,200,1,14.77
4500027828,0000100261,Rubber seals,2026-06-18,2026-06-18,5000,10,16.13
4500027853,0000100261,Rubber seals,2026-02-12,2026-02-12,200,1,92.79
4500027882,0000100261,Rubber seals,2026-04-16,2026-04-16,200,0,13.68
4500027907,0000100261,Rubber seals,2026-07-31,2026-07-31,100,0,86.91
4500027917,SUP-0045,Plastic housings,2026-03-10,2026-03-10,2000,0,44.29
4500027920,SUP-0045,Plastic housings,2026-04-19,2026-05-04,500,0,106.63
4500027925,SUP-0045,Plastic housings,2026-01-25,2026-01-25,5000,1,60.55
4500027953,SUP-0045,Plastic housings,2026-08-03,2026-08-03,100,0,28.83
4500027978,SUP-0045,Plastic housings,2026-03-26,2026-03-26,100,0,66.47
4500028002,SUP-0045,Plastic housings,2026-05-01,2026-05-01,100,0,36.5
4500028030,SUP-0045,Plastic housings,2026-04-14,2026-04-14,100,0,59.94
4500028040,SUP-0045,Plastic housings,2026-04-26,2026-04-26,5000,1,76.48
4500028065,SUP-0045,Plastic housings,2026-04-12,2026-04-12,100,0,114.69
4500028091,SUP-0045,Plastic housings,2026-03-22,2026-03-22,1000,0,70.57
4500028102,SUP-0045,Plastic housings,2026-05-08,2026-05-08,200,0,59.62
4500028127,SUP-0045,Plastic housings,2026-03-18,2026-03-18,100,0,112.75
4500028130,SUP-0045,Plastic housings,2026-06-29,2026-06-29,5000,2,89.74
4500028147,SUP-0045,Plastic housings,2026-02-27,2026-02-27,1000,0,38.2
4500028173,SUP-0045,Plastic housings,2026-01-25,2026-01-25,100,0,12.96
4500028177,SUP-0045,Plastic housings,2026-04-25,2026-05-03,2000,0,19.85
4500028186,SUP-0045,Plastic housings,2026-04-14,2026-04-14,200,1,28.72
4500028202,SUP-0045,Plastic housings,2026-03-10,2026-03-10,100,0,8.67
4500028218,SUP-0045,Plastic housings,2026-06-16,2026-06-16,200,0,89.09
4500028226,SUP-0045,Plastic housings,2026-01-13,2026-01-13,200,0,34.22
4500028253,SUP-0045,Plastic housings,2026-07-03,2026-07-03,100,0,37.18
4500028278,SUP-0045,Plastic housings,2026-07-10,2026-07-10,500,0,114.01
4500028303,SUP-0045,Plastic housings,2026-07-08,2026-07-08,1000,0,68.13
4500028318,SUP-0045,Plastic housings,2026-08-23,2026-08-23,1000,0,49.68
4500028330,SUP-0045,Plastic housings,2026-04-01,2026-04-01,100,0,47.08
4500028353,SUP-0045,Plastic housings,2026-02-22,2026-02-22,2000,0,6.4
4500028377,SUP-0045,Plastic housings,2026-06-29,2026-06-29,500,0,74.63
4500028388,SUP-0045,Plastic housings,2026-06-19,2026-06-19,100,0,113.83
4500028392,SUP-0045,Plastic housings,2026-07-03,2026-07-03,1000,0,91.12
4500028409,SUP-0045,Plastic housings,2026-03-14,2026-03-14,100,0,102.2
4500028427,SUP-0045,Plastic housings,2026-02-13,2026-02-13,500,0,11.3
4500028442,SUP-0045,Plastic housings,2026-07-14,2026-07-14,2000,0,18.57
4500028472,SUP-0045,Plastic housings,2026-05-14,2026-05-28,500,0,91.61
4500028481,SUP-0045,Plastic housings,2026-05-02,2026-05-11,1000,0,49.83
4500028491,SUP-0045,Plastic housings,2026-06-25,2026-06-25,5000,1,105.91
4500028495,SUP-0045,Plastic housings,2026-08-08,2026-08-08,100,0,79.81
4500028505,SUP-0045,Plastic housings,2026-05-14,2026-05-14,2000,1,11.52
4500028512,SUP-0045,Plastic housings,2026-09-02,2026-09-02,2000,0,15.42
4500028520,SUP-0045,Plastic housings,2026-03-13,2026-03-13,5000,2,87.09
4500028536,SUP-0045,Plastic housings,2026-01-13,2026-01-27,200,0,91.77
4500028562,SUP-0045,Plastic housings,2026-05-24,2026-05-24,1000,0,83.6
4500028581,SUP-0045,Plastic housings,2026-06-05,2026-06-05,1000,0,84.88
4500028588,SUP-0045,Plastic housings,2026-05-29,2026-05-29,500,0,2.59
4500028615,SUP-0045,Plastic housings,2026-03-23,2026-03-23,200,0,23.95
4500028633,SUP-0045,Plastic housings,2026-06-10,2026-06-10,1000,0,93.01
4500028652,SUP-0045,Plastic housings,2026-04-10,2026-04-10,2000,1,57.08
4500028662,SUP-0045,Plastic housings,2026-05-12,2026-05-12,200,0,119.86
4500028680,SUP-0045,Plastic housings,2026-08-04,2026-08-04,500,0,89.41
4500028707,SUP-0045,Plastic housings,2026-03-23,2026-03-23,200,0,54.17
4500028711,SUP-0045,Plastic housings,2026-03-02,2026-03-02,200,0,94.93
4500028725,SUP-0045,Plastic housings,2026-05-04,2026-05-04,5000,0,102.43
4500028726,SUP-0045,Plastic housings,2026-07-06,2026-07-16,1000,0,57.38
4500028727,SUP-0045,Plastic housings,2026-06-25,2026-06-25,100,0,47.71
4500028730,SUP-0045,Plastic housings,2026-04-22,2026-04-29,200,0,26.94
4500028744,SUP-0045,Plastic housings,2026-08-18,2026-08-19,5000,0,98.79
4500028769,SUP-0045,Plastic housings,2026-07-28,2026-08-01,100,0,75.95
4500028775,SUP-0045,Plastic housings,2026-02-09,2026-02-09,5000,0,54.02
4500028796,SUP-0045,Plastic housings,2026-08-09,2026-08-22,100,0,101.1
4500028815,SUP-0045,Plastic housings,2026-05-21,2026-05-21,500,0,18.69
4500028833,SUP-0046,Hoses & connectors,2026-07-10,2026-07-10,200,0,88.02
4500028858,SUP-0046,Hoses & connectors,2026-07-25,2026-07-25,1000,0,1.73
4500028883,SUP-0046,Hoses & connectors,2026-07-25,2026-07-25,200,0,76.05
4500028885,SUP-0046,Hoses & connectors,2026-03-29,2026-03-29,1000,0,98.73
4500028913,SUP-0046,Hoses & connectors,2026-08-10,2026-08-10,100,0,19.15
4500028943,SUP-0046,Hoses & connectors,2026-05-17,2026-05-17,100,0,118.1
4500028948,SUP-0046,Hoses & connectors,2026-08-01,2026-08-01,100,0,7.34
4500028962,SUP-0046,Hoses & connectors,2026-03-28,2026-04-08,200,0,119.37
4500028977,SUP-0046,Hoses & connectors,2026-06-15,2026-06-15,1000,0,14.69
4500028980,SUP-0046,Hoses & connectors,2026-04-19,2026-04-19,1000,0,47.73
4500028994,SUP-0046,Hoses & connectors,2026-05-20,2026-05-20,200,0,109.48
4500029023,SUP-0046,Hoses & connectors,2026-08-30,2026-08-30,500,0,33.78
4500029036,SUP-0046,Hoses & connectors,2026-03-06,2026-03-14,2000,0,63.22
4500029053,SUP-0046,Hoses & connectors,2026-01-16,2026-01-16,200,0,49.48
4500029082,SUP-0046,Hoses & connectors,2026-01-28,2026-01-28,5000,3,48.45
4500029092,SUP-0046,Hoses & connectors,2026-08-05,2026-08-05,100,0,88.24
4500029112,SUP-0046,Hoses & connectors,2026-07-27,2026-07-27,2000,0,51.97
4500029113,SUP-0046,Hoses & connectors,2026-01-22,2026-02-02,200,0,13.21
4500029123,SUP-0046,Hoses & connectors,2026-03-04,2026-03-04,500,1,19.43
4500029135,SUP-0046,Hoses & connectors,2026-05-16,2026-05-16,5000,0,78.44
4500029154,SUP-0046,Hoses & connectors,2026-07-04,2026-07-04,200,0,35.47
4500029166,SUP-0046,Hoses & connectors,2026-02-27,2026-03-13,2000,1,50.69
4500029187,SUP-0046,Hoses & connectors,2026-03-10,2026-03-10,5000,0,78.31
4500029216,SUP-0046,Hoses & connectors,2026-08-15,2026-08-28,100,0,31.29
4500029218,SUP-0046,Hoses & connectors,2026-01-14,2026-01-14,200,0,69.92
4500029222,SUP-0046,Hoses & connectors,2026-04-04,2026-04-04,1000,0,39.18
4500029243,SUP-0046,Hoses & connectors,2026-02-20,2026-02-20,2000,0,5.46
4500029244,SUP-0046,Hoses & connectors,2026-07-22,2026-08-06,1000,0,7.9
4500029270,SUP-0046,Hoses & connectors,2026-04-21,2026-04-21,5000,0,7.29
4500029291,0000100263,Electronic sensors,2026-08-28,2026-08-28,2000,0,15.06
4500029313,0000100263,Electronic sensors,2026-02-10,2026-02-10,1000,0,18.67
4500029341,0000100263,Electronic sensors,2026-04-19,2026-04-19,2000,0,8.49
4500029342,0000100263,Electronic sensors,2026-07-07,2026-07-07,200,1,55.78
4500029356,0000100263,Electronic sensors,2026-08-02,2026-08-04,5000,0,80.93
4500029362,0000100263,Electronic sensors,2026-02-07,2026-02-07,200,0,43.98
4500029367,0000100263,Electronic sensors,2026-03-05,2026-03-05,200,0,26.55
4500029369,0000100263,Electronic sensors,2026-02-22,2026-02-22,1000,0,45.07
4500029389,0000100263,Electronic sensors,2026-02-05,2026-02-05,2000,0,118.44
4500029414,0000100263,Electronic sensors,2026-02-18,2026-02-18,200,0,55.96
4500029425,0000100263,Electronic sensors,2026-02-04,2026-02-04,200,0,9.58
4500029446,0000100263,Electronic sensors,2026-05-28,2026-05-28,2000,0,57.58
4500029464,0000100263,Electronic sensors,2026-02-12,2026-02-12,5000,1,70.38
4500029494,0000100263,Electronic sensors,2026-06-29,2026-06-29,500,0,113.84
4500029524,0000100263,Electronic sensors,2026-07-23,2026-07-23,5000,1,69.03
4500029536,0000100263,Electronic sensors,2026-08-29,2026-08-29,200,0,20.27
4500029561,0000100263,Electronic sensors,2026-04-19,2026-04-19,500,0,111.78
4500029567,0000100271,Rubber seals,2026-01-14,2026-01-14,2000,2,114.99
4500029587,0000100271,Rubber seals,2026-02-17,2026-02-17,2000,0,35.83
4500029595,0000100271,Rubber seals,2026-05-04,2026-05-04,1000,0,59.97
4500029610,0000100271,Rubber seals,2026-05-04,2026-05-04,200,0,34.35
4500029628,0000100271,Rubber seals,2026-05-23,2026-05-23,5000,3,39.8
4500029654,0000100271,Rubber seals,2026-07-25,2026-07-25,200,0,70.73
4500029672,0000100271,Rubber seals,2026-01-13,2026-01-13,500,0,109.76
4500029681,0000100271,Rubber seals,2026-05-14,2026-05-14,1000,0,73.48
4500029687,0000100271,Rubber seals,2026-07-21,2026-08-03,2000,1,98.79
4500029708,0000100271,Rubber seals,2026-05-05,2026-05-05,1000,2,24.87
4500029718,0000100271,Rubber seals,2026-03-05,2026-03-05,5000,2,25.82
4500029737,0000100277,Plastic housings,2026-08-18,2026-08-18,500,0,58.82
4500029765,0000100277,Plastic housings,2026-01-26,2026-01-26,1000,2,92.84
4500029794,0000100277,Plastic housings,2026-08-20,2026-08-20,1000,0,57.08
4500029821,0000100277,Plastic housings,2026-03-20,2026-03-20,500,0,73.03
4500029845,0000100277,Plastic housings,2026-06-03,2026-06-03,1000,0,82.98
4500029871,0000100277,Plastic housings,2026-07-26,2026-08-10,5000,5,26.65
4500029899,0000100277,Plastic housings,2026-08-21,2026-08-21,5000,4,55.2
4500029905,0000100277,Plastic housings,2026-01-23,2026-02-02,500,2,37.09
4500029928,0000100277,Plastic housings,2026-06-04,2026-06-08,1000,2,84.5
4500029932,0000100277,Plastic housings,2026-03-22,2026-03-22,5000,7,35.99
4500029958,0000100277,Plastic housings,2026-04-14,2026-04-14,500,1,12.98
4500029982,SUP-0048,Aluminium castings,2026-01-13,2026-01-13,2000,0,38.38
4500029988,SUP-0048,Aluminium castings,2026-05-13,2026-05-13,2000,0,31.47
4500029995,SUP-0048,Aluminium castings,2026-09-01,2026-09-01,2000,1,98.2
4500030005,SUP-0048,Aluminium castings,2026-07-28,2026-08-12,500,0,113.86
4500030034,SUP-0048,Aluminium castings,2026-06-17,2026-06-17,2000,0,20.68
4500030060,SUP-0048,Aluminium castings,2026-09-02,2026-09-02,1000,0,53.36
4500030085,SUP-0048,Aluminium castings,2026-07-08,2026-07-08,500,0,104.43
4500030113,SUP-0048,Aluminium castings,2026-03-07,2026-03-07,5000,0,52.37
4500030140,SUP-0048,Aluminium castings,2026-04-09,2026-04-09,5000,1,100.21
4500030150,SUP-0048,Aluminium castings,2026-07-27,2026-07-27,200,0,92.77
4500030166,SUP-0048,Aluminium castings,2026-03-12,2026-03-12,500,0,23.59
4500030168,SUP-0048,Aluminium castings,2026-01-26,2026-01-26,2000,0,52.68
4500030173,SUP-0048,Aluminium castings,2026-07-30,2026-07-30,5000,0,9.2
4500030184,SUP-0048,Aluminium castings,2026-06-23,2026-06-23,200,0,59.34
4500030199,SUP-0048,Aluminium castings,2026-03-13,2026-03-13,500,0,66.01
4500030220,SUP-0048,Aluminium castings,2026-05-26,2026-05-26,2000,0,35.77
4500030237,SUP-0048,Aluminium castings,2026-05-16,2026-05-16,1000,0,76.65
4500030245,SUP-0048,Aluminium castings,2026-04-08,2026-04-08,1000,0,36.71
4500030258,SUP-0048,Aluminium castings,2026-04-12,2026-04-12,5000,2,68.48
4500030273,SUP-0049,Brazed heat exchangers,2026-03-19,2026-03-19,1000,6,105.08
4500030299,SUP-0049,Brazed heat exchangers,2026-08-19,2026-08-19,100,0,100.74
4500030316,SUP-0049,Brazed heat exchangers,2026-07-22,2026-07-22,200,0,35.4
4500030318,SUP-0049,Brazed heat exchangers,2026-04-14,2026-04-14,500,2,92.99
4500030330,SUP-0049,Brazed heat exchangers,2026-03-22,2026-03-22,500,2,106.24
4500030344,SUP-0049,Brazed heat exchangers,2026-07-29,2026-07-29,5000,19,114.27
4500030351,SUP-0049,Brazed heat exchangers,2026-01-25,2026-01-25,500,3,78.22
4500030378,SUP-0050,Rubber seals,2026-08-29,2026-09-09,500,2,61.01
4500030408,SUP-0050,Rubber seals,2026-05-04,2026-05-16,200,0,14.45
4500030433,SUP-0050,Rubber seals,2026-06-28,2026-06-28,200,2,97.98
4500030452,SUP-0050,Rubber seals,2026-03-26,2026-03-26,500,0,115.75
4500030469,SUP-0050,Rubber seals,2026-06-21,2026-06-21,100,0,101.09
4500030478,SUP-0050,Rubber seals,2026-08-30,2026-09-09,500,0,82.91
4500030502,SUP-0050,Rubber seals,2026-03-13,2026-03-20,500,0,117.37
4500030507,SUP-0050,Rubber seals,2026-01-21,2026-01-21,500,0,77.62
4500030518,SUP-0050,Rubber seals,2026-07-05,2026-07-11,100,0,100.64
4500030526,SUP-0050,Rubber seals,2026-03-28,2026-03-28,500,0,77.11
4500030528,SUP-0050,Rubber seals,2026-01-14,2026-01-26,5000,8,74.58
4500030534,SUP-0050,Rubber seals,2026-01-15,2026-01-15,500,0,8.27
4500030542,SUP-0050,Rubber seals,2026-02-08,2026-02-08,500,1,75.77
4500030552,SUP-0050,Rubber seals,2026-03-03,2026-03-10,200,0,112.57
4500030572,SUP-0050,Rubber seals,2026-02-20,2026-02-21,2000,2,41.27
4500030584,SUP-0050,Rubber seals,2026-02-14,2026-02-14,200,1,62.08
4500030613,SUP-0051,Rubber seals,2026-08-18,2026-08-18,500,0,53.52
4500030627,SUP-0051,Rubber seals,2026-01-16,2026-01-16,1000,0,24.19
4500030657,SUP-0051,Rubber seals,2026-08-16,2026-08-16,200,0,37.97
4500030683,SUP-0051,Rubber seals,2026-02-19,2026-02-19,2000,0,87.43
4500030685,SUP-0051,Rubber seals,2026-05-19,2026-05-19,200,0,58.29
4500030703,SUP-0051,Rubber seals,2026-05-16,2026-05-16,5000,0,5.35
4500030726,SUP-0051,Rubber seals,2026-04-08,2026-04-08,5000,2,35.15
4500030756,SUP-0051,Rubber seals,2026-04-19,2026-04-19,500,0,1.63
4500030781,SUP-0051,Rubber seals,2026-08-04,2026-08-04,1000,0,96.91
4500030810,SUP-0051,Rubber seals,2026-01-18,2026-01-18,1000,0,101.69
4500030813,SUP-0051,Rubber seals,2026-05-24,2026-05-24,2000,0,114.44
4500030839,SUP-0051,Rubber seals,2026-09-01,2026-09-02,5000,0,21.05
4500030848,SUP-0051,Rubber seals,2026-08-20,2026-08-20,2000,0,77.05
4500030871,SUP-0051,Rubber seals,2026-07-27,2026-07-27,1000,0,27.85
4500030872,SUP-0051,Rubber seals,2026-03-07,2026-03-07,200,0,1.08
4500030881,SUP-0051,Rubber seals,2026-06-26,2026-06-26,100,0,29.46
4500030892,SUP-0051,Rubber seals,2026-08-31,2026-08-31,5000,2,42.39
4500030898,SUP-0051,Rubber seals,2026-01-14,2026-01-14,1000,0,111.73
4500030910,SUP-0051,Rubber seals,2026-03-23,2026-03-23,100,0,98.72
4500030919,SUP-0051,Rubber seals,2026-06-12,2026-06-12,1000,0,57.59
4500030941,SUP-0051,Rubber seals,2026-06-21,2026-06-21,2000,0,39.14
4500030957,SUP-0051,Rubber seals,2026-03-07,2026-03-07,1000,0,70.29
4500030979,SUP-0051,Rubber seals,2026-01-15,2026-01-15,2000,0,99.12
4500031003,SUP-0051,Rubber seals,2026-03-12,2026-03-12,200,0,67.09
4500031006,SUP-0051,Rubber seals,2026-01-17,2026-01-17,200,0,40.09
4500031013,SUP-0051,Rubber seals,2026-08-25,2026-08-25,100,0,54.88
4500031036,SUP-0051,Rubber seals,2026-05-05,2026-05-05,500,0,4.14
4500031060,SUP-0051,Rubber seals,2026-04-20,2026-04-20,5000,2,94.78
4500031090,SUP-0051,Rubber seals,2026-07-19,2026-07-19,100,0,106.24
4500031100,SUP-0051,Rubber seals,2026-04-28,2026-04-28,100,0,15.33
4500031111,SUP-0051,Rubber seals,2026-02-20,2026-02-20,200,0,105.75
4500031116,SUP-0051,Rubber seals,2026-04-21,2026-04-21,5000,0,52.29
4500031119,SUP-0051,Rubber seals,2026-03-21,2026-03-31,5000,1,6.47
4500031126,SUP-0051,Rubber seals,2026-04-15,2026-04-15,5000,1,71.29
4500031131,0000100286,Valves,2026-02-23,2026-02-23,5000,26,98.36
4500031137,0000100286,Valves,2026-01-22,2026-02-02,2000,11,65.76
4500031161,0000100286,Valves,2026-03-05,2026-03-20,200,1,89.65
4500031185,0000100286,Valves,2026-01-13,2026-01-13,5000,21,55.33
4500031200,0000100286,Valves,2026-04-22,2026-04-22,2000,7,22.28
4500031203,0000100286,Valves,2026-04-29,2026-04-29,100,1,79.91
4500031215,0000100286,Valves,2026-04-10,2026-04-10,100,0,32.16
4500031243,0000100286,Valves,2026-01-27,2026-02-06,200,0,41.74
4500031254,0000100286,Valves,2026-03-02,2026-03-02,200,1,29.21
4500031283,0000100286,Valves,2026-05-31,2026-05-31,100,1,87.19
4500031303,0000100286,Valves,2026-08-20,2026-08-20,5000,28,38.11
4500031320,0000100286,Valves,2026-07-01,2026-07-01,1000,14,55.38
4500031321,0000100286,Valves,2026-04-15,2026-04-15,100,1,35.29
4500031322,0000100286,Valves,2026-04-06,2026-04-11,200,1,97.74
4500031336,0000100286,Valves,2026-07-20,2026-07-20,200,0,111.16
4500031342,0000100286,Valves,2026-06-21,2026-07-06,5000,24,2.9
4500031355,0000100286,Valves,2026-04-25,2026-04-25,500,2,28.27
4500031359,0000100286,Valves,2026-04-13,2026-04-13,2000,13,88.77
4500031374,0000100286,Valves,2026-05-09,2026-05-13,100,1,100.75
4500031404,0000100286,Valves,2026-08-18,2026-08-18,200,1,49.98
4500031405,0000100286,Valves,2026-01-13,2026-01-13,100,1,79.95
4500031413,0000100286,Valves,2026-01-09,2026-01-09,200,1,75.82
4500031428,0000100286,Valves,2026-08-01,2026-08-01,500,3,23.47
4500031452,0000100286,Valves,2026-08-01,2026-08-01,200,1,22.66
4500031459,0000100286,Valves,2026-02-28,2026-02-28,2000,12,34.79
4500031469,0000100286,Valves,2026-06-19,2026-06-19,100,2,87.59
4500031495,0000100286,Valves,2026-02-08,2026-02-08,200,1,78.94
4500031516,0000100286,Valves,2026-05-26,2026-05-26,1000,1,6.01
4500031523,0000100286,Valves,2026-04-23,2026-04-23,100,1,32.6
4500031526,0000100286,Valves,2026-06-27,2026-06-27,2000,8,47.04
4500031537,0000100286,Valves,2026-04-17,2026-04-17,1000,4,118.26
4500031559,0000100286,Valves,2026-07-25,2026-07-25,500,1,41.85
4500031574,0000100286,Valves,2026-02-08,2026-02-08,200,1,49.96
4500031597,0000100286,Valves,2026-06-08,2026-06-11,200,2,52.49
4500031621,0000100286,Valves,2026-05-24,2026-05-24,100,0,93.46
4500031637,0000100286,Valves,2026-08-27,2026-08-27,100,0,52.01
4500031658,0000100286,Valves,2026-05-02,2026-05-02,500,4,20.4
4500031665,0000100286,Valves,2026-03-16,2026-03-16,500,2,82.27
4500031682,0000100286,Valves,2026-03-18,2026-03-20,1000,7,91.97
4500031700,0000100286,Valves,2026-04-28,2026-04-28,2000,10,5.79
4500031717,0000100286,Valves,2026-03-04,2026-03-04,5000,19,82.91
4500031734,0000100286,Valves,2026-05-15,2026-05-15,500,2,67.74
4500031742,0000100286,Valves,2026-07-03,2026-07-09,5000,28,26.86
4500031750,0000100286,Valves,2026-05-19,2026-05-19,1000,4,74.65
4500031762,0000100286,Valves,2026-01-23,2026-01-23,100,1,77.74
4500031786,0000100286,Valves,2026-05-18,2026-05-18,200,0,108.06
4500031816,0000100286,Valves,2026-07-15,2026-07-19,100,1,19.86
4500031843,0000100286,Valves,2026-03-14,2026-03-14,500,2,57.1
4500031856,0000100286,Valves,2026-02-24,2026-03-02,1000,11,92.65
4500031866,0000100286,Valves,2026-08-18,2026-08-18,2000,9,40.18
4500031871,0000100286,Valves,2026-01-16,2026-01-20,100,0,58.02
4500031900,0000100286,Valves,2026-04-11,2026-04-11,2000,10,16.52
4500031921,0000100286,Valves,2026-01-11,2026-01-11,5000,23,108.19
4500031939,0000100286,Valves,2026-01-12,2026-01-12,5000,27,94.74
4500031955,0000100286,Valves,2026-05-22,2026-05-30,500,2,83.17
4500031984,0000100286,Valves,2026-02-23,2026-03-06,200,1,9.41
4500031993,0000100286,Valves,2026-04-30,2026-04-30,500,1,44.12
4500032005,0000100286,Valves,2026-05-05,2026-05-10,500,3,11.57
4500032023,0000100286,Valves,2026-04-23,2026-04-23,5000,27,46.92
4500032041,0000100286,Valves,2026-04-26,2026-04-26,2000,12,27.24
4500032066,0000100286,Valves,2026-06-03,2026-06-03,500,4,98.89
4500032070,0000100286,Valves,2026-06-28,2026-06-28,5000,28,92.63
4500032095,0000100286,Valves,2026-06-06,2026-06-06,2000,13,79.45
4500032114,0000100286,Valves,2026-05-25,2026-05-25,200,1,101.28
4500032140,0000100286,Valves,2026-01-27,2026-01-31,200,0,115.34
4500032154,0000100286,Valves,2026-02-27,2026-02-27,500,0,80.47
4500032182,0000100286,Valves,2026-05-07,2026-05-07,500,0,36.38
4500032212,0000100286,Valves,2026-04-28,2026-04-28,5000,34,112.27
4500032228,0000100286,Valves,2026-01-08,2026-01-08,2000,13,25.66
4500032255,0000100286,Valves,2026-01-14,2026-01-14,2000,4,63.54
4500032263,0000100286,Valves,2026-04-06,2026-04-06,200,0,117.48
4500032275,0000100286,Valves,2026-03-16,2026-03-16,500,5,119.0
4500032299,0000100286,Valves,2026-08-27,2026-08-27,2000,21,38.4
4500032320,0000100286,Valves,2026-08-12,2026-08-21,200,1,119.71
4500032341,0000100286,Valves,2026-06-27,2026-06-27,500,2,112.51
4500032350,0000100286,Valves,2026-07-04,2026-07-04,1000,6,41.78
4500032372,0000100286,Valves,2026-06-06,2026-06-06,100,0,78.11
4500032388,0000100286,Valves,2026-05-21,2026-05-21,1000,5,84.8
4500032417,0000100286,Valves,2026-01-19,2026-01-19,100,0,67.12
4500032418,0000100286,Valves,2026-07-13,2026-07-13,200,1,113.21
4500032425,0000100286,Valves,2026-08-19,2026-08-19,100,0,36.51
4500032451,0000100286,Valves,2026-06-30,2026-06-30,2000,9,60.23
4500032459,0000100292,Aluminium castings,2026-05-19,2026-05-19,5000,7,70.12
4500032483,0000100292,Aluminium castings,2026-08-20,2026-08-20,2000,8,5.24
4500032491,0000100292,Aluminium castings,2026-08-24,2026-08-24,500,0,117.26
4500032506,0000100292,Aluminium castings,2026-02-03,2026-02-03,500,1,76.23
4500032524,0000100292,Aluminium castings,2026-04-12,2026-04-12,1000,0,12.82
4500032540,0000100292,Aluminium castings,2026-02-19,2026-03-01,1000,2,55.6
4500032550,0000100292,Aluminium castings,2026-03-08,2026-03-08,200,0,54.27
4500032551,0000100292,Aluminium castings,2026-08-19,2026-09-02,5000,1,86.33
4500032557,0000100292,Aluminium castings,2026-06-22,2026-06-29,200,0,98.45
4500032574,0000100292,Aluminium castings,2026-03-29,2026-04-01,2000,1,7.0
4500032604,0000100292,Aluminium castings,2026-01-05,2026-01-05,500,2,3.9
4500032625,0000100292,Aluminium castings,2026-05-19,2026-05-19,100,0,78.64
4500032655,0000100292,Aluminium castings,2026-08-07,2026-08-07,5000,4,105.01
4500032675,0000100292,Aluminium castings,2026-06-20,2026-06-20,100,0,13.08
4500032688,0000100292,Aluminium castings,2026-09-01,2026-09-01,500,0,20.09
4500032689,0000100292,Aluminium castings,2026-03-29,2026-03-29,5000,1,75.43
4500032707,0000100292,Aluminium castings,2026-08-12,2026-08-12,2000,4,5.86
4500032720,0000100292,Aluminium castings,2026-03-20,2026-03-31,500,0,13.75
4500032738,0000100292,Aluminium castings,2026-05-23,2026-05-23,500,0,22.46
4500032759,0000100292,Aluminium castings,2026-03-09,2026-03-09,1000,0,20.66
4500032761,0000100292,Aluminium castings,2026-02-06,2026-02-15,1000,0,44.47
4500032787,0000100292,Aluminium castings,2026-08-15,2026-08-24,100,0,27.44
4500032803,0000100292,Aluminium castings,2026-06-10,2026-06-10,1000,2,15.01
4500032828,0000100292,Aluminium castings,2026-01-24,2026-01-24,100,0,16.6
4500032831,0000100292,Aluminium castings,2026-08-30,2026-08-30,200,0,66.66
4500032849,0000100292,Aluminium castings,2026-02-21,2026-02-21,5000,6,82.23
4500032867,0000100292,Aluminium castings,2026-03-11,2026-03-21,2000,1,111.91
4500032885,0000100292,Aluminium castings,2026-08-07,2026-08-07,1000,1,16.92
4500032894,0000100292,Aluminium castings,2026-09-02,2026-09-02,5000,4,11.39
4500032900,0000100292,Aluminium castings,2026-04-05,2026-04-05,100,0,103.8
4500032917,0000100292,Aluminium castings,2026-06-29,2026-06-29,100,0,80.77
4500032935,0000100292,Aluminium castings,2026-01-23,2026-01-23,2000,1,114.01
4500032941,0000100292,Aluminium castings,2026-01-16,2026-01-21,2000,3,75.25
4500032945,0000100292,Aluminium castings,2026-04-14,2026-04-27,2000,0,98.65
4500032953,0000100292,Aluminium castings,2026-08-03,2026-08-03,2000,0,51.9
4500032958,0000100292,Aluminium castings,2026-04-08,2026-04-08,100,0,43.57
4500032970,0000100292,Aluminium castings,2026-04-23,2026-05-05,1000,1,68.53
4500032996,0000100292,Aluminium castings,2026-01-05,2026-01-05,5000,6,84.99
4500033001,0000100292,Aluminium castings,2026-08-27,2026-08-27,200,1,59.85
4500033024,0000100292,Aluminium castings,2026-05-11,2026-05-11,200,0,110.17
4500033039,0000100292,Aluminium castings,2026-02-11,2026-02-11,1000,0,8.96
4500033053,0000100292,Aluminium castings,2026-07-19,2026-07-19,100,0,85.91
4500033064,0000100299,Electronic sensors,2026-05-09,2026-05-09,1000,1,67.22
4500033078,0000100299,Electronic sensors,2026-06-06,2026-06-06,2000,2,81.89
4500033093,0000100299,Electronic sensors,2026-08-09,2026-08-24,5000,2,3.02
4500033120,0000100299,Electronic sensors,2026-07-01,2026-07-04,500,0,76.53
4500033140,0000100299,Electronic sensors,2026-08-13,2026-08-13,5000,5,105.27
4500033164,0000100299,Electronic sensors,2026-01-26,2026-02-07,2000,3,60.75
4500033181,0000100299,Electronic sensors,2026-02-04,2026-02-04,500,0,81.32
4500033185,0000100299,Electronic sensors,2026-07-10,2026-07-10,5000,5,97.28
4500033206,0000100299,Electronic sensors,2026-03-29,2026-03-29,5000,4,97.33
4500033229,0000100299,Electronic sensors,2026-01-05,2026-01-14,100,0,43.06
4500033256,0000100299,Electronic sensors,2026-01-27,2026-02-01,5000,4,66.82
4500033286,0000100299,Electronic sensors,2026-02-14,2026-02-20,100,0,55.5
4500033303,0000100299,Electronic sensors,2026-06-21,2026-06-21,2000,0,97.27
4500033306,0000100299,Electronic sensors,2026-04-19,2026-04-19,2000,2,67.13
4500033333,0000100299,Electronic sensors,2026-01-18,2026-01-24,1000,0,14.96
4500033351,0000100299,Electronic sensors,2026-06-11,2026-06-11,1000,0,37.51
4500033360,0000100299,Electronic sensors,2026-07-23,2026-07-23,200,0,48.37
4500033361,0000100299,Electronic sensors,2026-05-31,2026-06-08,100,0,36.95
4500033376,0000100299,Electronic sensors,2026-07-02,2026-07-02,500,2,18.96
4500033395,0000100299,Electronic sensors,2026-01-23,2026-01-23,2000,3,114.16
4500033414,0000100299,Electronic sensors,2026-01-26,2026-01-26,200,0,78.89
4500033443,0000100299,Electronic sensors,2026-03-25,2026-04-09,1000,1,99.74
4500033471,0000100299,Electronic sensors,2026-06-14,2026-06-14,1000,0,75.71
4500033483,0000100299,Electronic sensors,2026-01-25,2026-02-06,5000,5,108.83
4500033510,0000100299,Electronic sensors,2026-05-16,2026-05-16,500,1,42.48
4500033532,0000100299,Electronic sensors,2026-06-06,2026-06-06,5000,8,37.17
4500033533,0000100299,Electronic sensors,2026-08-19,2026-08-19,100,0,92.78
4500033544,0000100299,Electronic sensors,2026-05-13,2026-05-26,2000,3,69.03
4500033564,0000100299,Electronic sensors,2026-02-25,2026-02-27,2000,2,69.21
4500033567,0000100299,Electronic sensors,2026-07-12,2026-07-12,2000,2,23.26
4500033591,0000100299,Electronic sensors,2026-02-22,2026-02-22,200,0,22.23
4500033604,0000100299,Electronic sensors,2026-07-31,2026-08-03,2000,0,45.95
4500033634,0000100299,Electronic sensors,2026-02-08,2026-02-11,2000,4,90.51
4500033650,0000100299,Electronic sensors,2026-06-18,2026-06-18,500,0,115.79
4500033666,0000100299,Electronic sensors,2026-07-17,2026-07-17,200,0,113.39
4500033687,0000100299,Electronic sensors,2026-02-13,2026-02-23,200,0,48.16
4500033708,0000100299,Electronic sensors,2026-03-11,2026-03-25,100,0,19.76
4500033709,0000100299,Electronic sensors,2026-06-19,2026-07-01,500,1,86.55
4500033734,0000100299,Electronic sensors,2026-04-08,2026-04-15,200,0,52.82
4500033754,0000100299,Electronic sensors,2026-05-13,2026-05-13,5000,3,38.15
4500033782,0000100299,Electronic sensors,2026-05-08,2026-05-08,2000,0,57.09
4500033787,0000100299,Electronic sensors,2026-06-10,2026-06-23,1000,0,22.66
4500033806,0000100299,Electronic sensors,2026-06-27,2026-07-04,200,0,3.6
4500033825,0000100299,Electronic sensors,2026-04-16,2026-04-16,200,0,107.71
4500033838,0000100299,Electronic sensors,2026-07-15,2026-07-22,500,0,69.43
4500033864,0000100299,Electronic sensors,2026-05-04,2026-05-04,500,1,27.83
4500033881,0000100299,Electronic sensors,2026-01-23,2026-01-26,200,0,11.27
4500033895,0000100299,Electronic sensors,2026-07-12,2026-07-12,2000,1,41.72
4500033908,0000100299,Electronic sensors,2026-05-18,2026-05-18,500,1,22.84
4500033919,0000100299,Electronic sensors,2026-03-11,2026-03-11,1000,1,46.1
4500033929,0000100299,Electronic sensors,2026-02-16,2026-03-03,200,1,117.07
4500033936,0000100299,Electronic sensors,2026-03-15,2026-03-15,1000,1,93.95
4500033942,0000100299,Electronic sensors,2026-01-22,2026-01-22,5000,4,104.83
4500033945,0000100299,Electronic sensors,2026-07-03,2026-07-03,200,0,13.69
4500033951,0000100299,Electronic sensors,2026-05-31,2026-06-15,500,1,84.22
4500033954,0000100299,Electronic sensors,2026-04-06,2026-04-06,2000,3,86.74
4500033960,0000100299,Electronic sensors,2026-08-10,2026-08-10,200,0,85.35
4500033966,0000100299,Electronic sensors,2026-07-17,2026-07-19,200,0,55.71
4500033973,0000100299,Electronic sensors,2026-01-13,2026-01-13,500,0,100.52
4500033996,0000100299,Electronic sensors,2026-08-01,2026-08-11,200,1,93.01
4500034009,0000100299,Electronic sensors,2026-08-06,2026-08-06,1000,2,87.58
4500034039,0000100299,Electronic sensors,2026-08-21,2026-08-21,2000,2,61.07
4500034054,0000100299,Electronic sensors,2026-02-09,2026-02-09,1000,1,89.94
4500034075,0000100299,Electronic sensors,2026-05-05,2026-05-05,200,0,15.73
4500034090,0000100299,Electronic sensors,2026-04-09,2026-04-17,500,1,66.58
4500034100,0000100299,Electronic sensors,2026-01-13,2026-01-13,200,0,100.35
4500034106,0000100299,Electronic sensors,2026-02-28,2026-03-04,100,0,9.87
4500034123,0000100299,Electronic sensors,2026-08-22,2026-08-22,500,1,31.53
4500034139,SUP-0053,Electronic sensors,2026-01-09,2026-01-09,100,0,95.68
4500034159,SUP-0053,Electronic sensors,2026-08-07,2026-08-07,100,0,14.77
4500034172,SUP-0053,Electronic sensors,2026-03-21,2026-03-21,5000,8,70.53
4500034201,SUP-0053,Electronic sensors,2026-05-27,2026-05-27,1000,0,93.63
4500034214,SUP-0053,Electronic sensors,2026-03-02,2026-03-02,5000,3,67.21
4500034229,SUP-0053,Electronic sensors,2026-06-05,2026-06-13,200,1,69.5
4500034254,SUP-0053,Electronic sensors,2026-04-05,2026-04-05,1000,1,36.11
4500034264,SUP-0053,Electronic sensors,2026-07-29,2026-07-29,100,0,79.52
4500034284,SUP-0053,Electronic sensors,2026-04-02,2026-04-02,100,0,34.72
4500034309,SUP-0053,Electronic sensors,2026-05-03,2026-05-03,5000,0,43.42
4500034331,SUP-0053,Electronic sensors,2026-06-12,2026-06-12,500,0,86.95
4500034349,SUP-0053,Electronic sensors,2026-02-01,2026-02-01,2000,1,79.44
4500034363,SUP-0053,Electronic sensors,2026-05-20,2026-05-20,5000,1,49.95
4500034366,SUP-0053,Electronic sensors,2026-02-28,2026-02-28,5000,6,16.82
4500034391,SUP-0053,Electronic sensors,2026-02-02,2026-02-02,500,1,91.74
4500034421,SUP-0053,Electronic sensors,2026-06-27,2026-06-27,200,0,38.89
4500034445,SUP-0053,Electronic sensors,2026-01-09,2026-01-09,200,0,83.08
4500034462,SUP-0053,Electronic sensors,2026-04-26,2026-04-26,100,0,109.37
4500034480,SUP-0053,Electronic sensors,2026-04-03,2026-04-03,100,0,45.75
4500034510,0000100302,Fasteners,2026-06-30,2026-07-12,200,0,72.46
4500034538,0000100302,Fasteners,2026-07-16,2026-07-31,2000,2,89.41
4500034548,0000100302,Fasteners,2026-01-21,2026-01-21,200,0,111.23
4500034574,0000100302,Fasteners,2026-05-21,2026-05-21,100,0,78.05
4500034578,0000100302,Fasteners,2026-07-07,2026-07-07,1000,1,74.03
4500034581,0000100302,Fasteners,2026-08-13,2026-08-16,200,0,29.45
4500034582,0000100302,Fasteners,2026-08-21,2026-09-03,5000,6,112.89
4500034594,0000100302,Fasteners,2026-08-23,2026-08-29,5000,2,66.8
4500034617,0000100302,Fasteners,2026-03-03,2026-03-03,5000,6,34.24
4500034631,0000100302,Fasteners,2026-05-06,2026-05-19,100,0,47.73
4500034647,0000100302,Fasteners,2026-05-21,2026-05-27,100,1,106.75
4500034671,0000100302,Fasteners,2026-04-08,2026-04-08,1000,1,89.98
4500034694,0000100302,Fasteners,2026-05-02,2026-05-11,2000,3,110.17
4500034706,0000100302,Fasteners,2026-01-18,2026-01-18,5000,4,82.26
4500034708,0000100302,Fasteners,2026-03-04,2026-03-17,100,0,90.74
4500034733,0000100302,Fasteners,2026-08-27,2026-09-03,100,0,11.08
4500034746,0000100302,Fasteners,2026-07-14,2026-07-14,100,0,83.19
4500034748,0000100302,Fasteners,2026-07-14,2026-07-26,100,0,76.97
4500034752,0000100302,Fasteners,2026-07-19,2026-07-22,5000,3,56.71
4500034753,0000100302,Fasteners,2026-07-09,2026-07-19,500,1,62.32
4500034776,0000100302,Fasteners,2026-02-21,2026-02-25,100,0,103.07
4500034794,0000100302,Fasteners,2026-01-13,2026-01-18,100,0,87.75
4500034815,0000100302,Fasteners,2026-03-09,2026-03-09,5000,2,111.92
4500034824,0000100302,Fasteners,2026-07-10,2026-07-16,1000,0,101.73
4500034853,0000100302,Fasteners,2026-07-27,2026-08-05,100,0,4.71
4500034881,0000100302,Fasteners,2026-03-03,2026-03-03,5000,7,23.18
4500034892,0000100302,Fasteners,2026-04-03,2026-04-03,2000,1,22.69
4500034912,0000100302,Fasteners,2026-04-28,2026-04-28,5000,8,110.98
4500034933,0000100302,Fasteners,2026-04-12,2026-04-12,100,0,57.83
4500034959,0000100302,Fasteners,2026-01-23,2026-02-03,1000,3,10.75
4500034987,0000100302,Fasteners,2026-01-29,2026-01-29,1000,2,40.57
4500034996,0000100302,Fasteners,2026-01-21,2026-02-01,100,1,0.95
4500035022,0000100302,Fasteners,2026-08-07,2026-08-07,200,0,59.88
4500035041,0000100302,Fasteners,2026-05-11,2026-05-21,100,0,90.17
4500035063,0000100302,Fasteners,2026-07-17,2026-07-17,2000,0,78.07
4500035079,0000100302,Fasteners,2026-05-30,2026-05-31,500,1,60.41
4500035106,SUP-0055,Brazed heat exchangers,2026-03-03,2026-03-03,2000,0,50.43
4500035107,SUP-0055,Brazed heat exchangers,2026-05-13,2026-05-13,200,0,49.75
4500035117,SUP-0055,Brazed heat exchangers,2026-06-24,2026-06-26,500,0,115.92
4500035118,SUP-0055,Brazed heat exchangers,2026-07-18,2026-07-18,200,0,1.78
4500035144,SUP-0055,Brazed heat exchangers,2026-03-30,2026-04-04,100,0,42.45
4500035149,SUP-0055,Brazed heat exchangers,2026-03-25,2026-03-25,5000,7,88.05
4500035167,SUP-0055,Brazed heat exchangers,2026-08-08,2026-08-08,500,0,71.17
4500035177,SUP-0055,Brazed heat exchangers,2026-02-03,2026-02-03,2000,5,5.34
4500035180,SUP-0056,Valves,2026-04-17,2026-04-25,500,1,2.57
4500035199,SUP-0056,Valves,2026-01-13,2026-01-21,1000,0,41.51
4500035204,SUP-0056,Valves,2026-04-07,2026-04-14,2000,0,93.44
4500035217,SUP-0056,Valves,2026-01-09,2026-01-17,200,0,119.1
4500035220,SUP-0056,Valves,2026-06-09,2026-06-24,100,0,6.56
4500035244,SUP-0056,Valves,2026-07-08,2026-07-19,5000,0,41.54
4500035249,SUP-0056,Valves,2026-04-11,2026-04-26,500,0,108.99
4500035274,SUP-0056,Valves,2026-04-07,2026-04-15,100,0,72.49
4500035298,SUP-0056,Valves,2026-07-02,2026-07-02,2000,0,81.85
4500035305,SUP-0056,Valves,2026-04-28,2026-05-10,200,0,87.82
4500035310,SUP-0056,Valves,2026-02-14,2026-02-22,100,0,83.91
4500035329,SUP-0056,Valves,2026-08-05,2026-08-05,2000,0,67.08
4500035339,0000100310,Electronic sensors,2026-06-18,2026-06-18,500,0,49.15
4500035364,0000100310,Electronic sensors,2026-07-29,2026-07-29,100,0,48.81
4500035381,0000100310,Electronic sensors,2026-06-06,2026-06-06,1000,0,75.73
4500035406,0000100310,Electronic sensors,2026-01-11,2026-01-11,100,0,118.01
4500035410,0000100310,Electronic sensors,2026-04-15,2026-04-15,200,0,5.0
4500035411,0000100310,Electronic sensors,2026-03-16,2026-03-16,1000,0,94.28
4500035436,0000100310,Electronic sensors,2026-07-12,2026-07-21,500,0,105.22
4500035448,0000100310,Electronic sensors,2026-05-29,2026-05-29,2000,1,42.95
4500035460,0000100310,Electronic sensors,2026-05-31,2026-05-31,5000,1,55.31
4500035481,0000100310,Electronic sensors,2026-03-17,2026-03-17,100,0,18.61
4500035490,0000100310,Electronic sensors,2026-01-07,2026-01-07,100,0,117.35
4500035496,0000100310,Electronic sensors,2026-02-03,2026-02-14,1000,0,57.53
4500035520,0000100310,Electronic sensors,2026-07-20,2026-07-20,500,0,75.76
4500035546,0000100310,Electronic sensors,2026-04-15,2026-04-15,100,0,87.92
4500035565,0000100310,Electronic sensors,2026-01-18,2026-01-18,100,0,25.02
4500035591,0000100310,Electronic sensors,2026-02-24,2026-03-11,5000,0,92.48
4500035619,0000100310,Electronic sensors,2026-04-13,2026-04-13,100,0,8.07
4500035635,0000100310,Electronic sensors,2026-07-08,2026-07-08,1000,0,16.31
4500035639,0000100310,Electronic sensors,2026-04-01,2026-04-01,2000,0,116.21
4500035654,0000100310,Electronic sensors,2026-05-13,2026-05-13,2000,0,84.58
4500035662,0000100310,Electronic sensors,2026-03-09,2026-03-09,1000,1,78.33
4500035680,0000100310,Electronic sensors,2026-04-28,2026-04-28,200,0,18.18
4500035682,0000100310,Electronic sensors,2026-05-18,2026-05-18,1000,0,35.09
4500035701,0000100310,Electronic sensors,2026-06-30,2026-06-30,1000,0,113.46
4500035711,0000100310,Electronic sensors,2026-02-23,2026-02-23,2000,0,28.95
4500035712,SUP-0058,Aluminium castings,2026-04-21,2026-04-21,5000,0,57.05
4500035740,SUP-0058,Aluminium castings,2026-07-21,2026-07-31,100,0,83.1
4500035741,SUP-0058,Aluminium castings,2026-08-04,2026-08-14,2000,0,64.72
4500035763,SUP-0058,Aluminium castings,2026-03-21,2026-03-24,500,0,87.77
4500035788,SUP-0058,Aluminium castings,2026-05-22,2026-05-27,200,0,73.73
4500035804,SUP-0058,Aluminium castings,2026-08-19,2026-08-19,100,0,41.14
4500035808,SUP-0058,Aluminium castings,2026-02-25,2026-02-27,100,0,108.63
4500035819,SUP-0058,Aluminium castings,2026-05-05,2026-05-05,1000,0,66.7
4500035845,SUP-0058,Aluminium castings,2026-04-05,2026-04-05,2000,0,12.76
4500035867,SUP-0058,Aluminium castings,2026-06-24,2026-06-30,5000,0,53.38
4500035871,SUP-0058,Aluminium castings,2026-06-12,2026-06-23,500,0,14.5
4500035885,SUP-0058,Aluminium castings,2026-07-19,2026-07-19,1000,0,35.99
4500035911,SUP-0058,Aluminium castings,2026-06-30,2026-07-03,500,0,14.97
4500035931,SUP-0058,Aluminium castings,2026-07-04,2026-07-04,5000,1,66.57
4500035942,SUP-0058,Aluminium castings,2026-02-17,2026-02-17,1000,0,17.45
4500035948,SUP-0058,Aluminium castings,2026-02-01,2026-02-06,100,0,44.43
4500035950,SUP-0058,Aluminium castings,2026-07-25,2026-07-25,1000,0,20.1
4500035969,SUP-0058,Aluminium castings,2026-02-08,2026-02-08,500,0,10.66
4500035980,SUP-0058,Aluminium castings,2026-03-02,2026-03-17,1000,0,106.19
4500035993,SUP-0058,Aluminium castings,2026-06-25,2026-06-25,1000,0,81.8
4500036004,SUP-0058,Aluminium castings,2026-01-26,2026-01-26,200,0,79.55
4500036032,SUP-0058,Aluminium castings,2026-05-31,2026-06-10,500,0,38.99
4500036061,SUP-0058,Aluminium castings,2026-08-29,2026-08-29,100,0,32.45
4500036069,SUP-0058,Aluminium castings,2026-07-07,2026-07-07,100,0,10.98
4500036087,SUP-0058,Aluminium castings,2026-08-12,2026-08-15,2000,0,116.58
4500036110,SUP-0058,Aluminium castings,2026-09-02,2026-09-15,100,0,16.48
4500036125,SUP-0058,Aluminium castings,2026-03-27,2026-03-27,5000,0,113.41
4500036128,SUP-0058,Aluminium castings,2026-02-21,2026-03-05,100,0,96.07
4500036152,SUP-0058,Aluminium castings,2026-02-01,2026-02-01,500,0,86.5
4500036159,SUP-0058,Aluminium castings,2026-02-05,2026-02-18,500,0,35.78
4500036171,SUP-0058,Aluminium castings,2026-06-04,2026-06-04,500,0,3.8
4500036193,SUP-0058,Aluminium castings,2026-03-01,2026-03-07,200,0,115.7
4500036208,SUP-0058,Aluminium castings,2026-03-05,2026-03-05,100,0,69.71
4500036212,SUP-0058,Aluminium castings,2026-05-30,2026-05-30,200,0,59.15
4500036213,SUP-0058,Aluminium castings,2026-03-02,2026-03-07,2000,0,59.32
4500036242,SUP-0058,Aluminium castings,2026-03-11,2026-03-22,500,0,50.28
4500036252,SUP-0058,Aluminium castings,2026-02-05,2026-02-08,100,0,91.35
4500036280,SUP-0058,Aluminium castings,2026-06-05,2026-06-05,1000,0,2.05
4500036294,SUP-0058,Aluminium castings,2026-01-05,2026-01-05,100,0,57.6
4500036314,SUP-0058,Aluminium castings,2026-05-12,2026-05-12,1000,0,24.88
4500036324,SUP-0058,Aluminium castings,2026-01-17,2026-01-17,2000,3,116.37
4500036330,SUP-0058,Aluminium castings,2026-05-27,2026-05-30,1000,0,103.12
4500036352,SUP-0058,Aluminium castings,2026-05-28,2026-06-03,5000,1,97.17
4500036360,SUP-0058,Aluminium castings,2026-05-20,2026-05-20,5000,1,113.9
4500036387,SUP-0058,Aluminium castings,2026-04-23,2026-04-26,500,0,34.32
4500036400,SUP-0058,Aluminium castings,2026-07-29,2026-07-29,5000,0,77.3
4500036405,SUP-0058,Aluminium castings,2026-01-05,2026-01-06,2000,0,118.29
4500036412,SUP-0058,Aluminium castings,2026-06-01,2026-06-07,500,0,52.75
4500036422,SUP-0058,Aluminium castings,2026-06-15,2026-06-15,500,0,65.37
4500036436,SUP-0058,Aluminium castings,2026-06-19,2026-06-19,2000,0,64.62
4500036444,SUP-0058,Aluminium castings,2026-06-03,2026-06-17,1000,0,13.8
4500036458,SUP-0058,Aluminium castings,2026-05-07,2026-05-07,100,0,52.02
4500036460,SUP-0058,Aluminium castings,2026-05-10,2026-05-10,1000,0,109.08
4500036472,SUP-0058,Aluminium castings,2026-09-02,2026-09-02,1000,0,115.91
4500036486,SUP-0058,Aluminium castings,2026-07-17,2026-07-17,200,0,5.02
4500036497,SUP-0058,Aluminium castings,2026-03-17,2026-03-24,100,0,7.09
4500036498,SUP-0058,Aluminium castings,2026-01-21,2026-02-05,500,1,79.97
4500036517,SUP-0058,Aluminium castings,2026-06-02,2026-06-02,500,0,62.16
4500036525,SUP-0058,Aluminium castings,2026-08-23,2026-08-23,1000,1,40.84
4500036538,SUP-0058,Aluminium castings,2026-08-29,2026-09-12,5000,1,86.92
4500036549,SUP-0058,Aluminium castings,2026-09-02,2026-09-04,500,0,73.65
4500036568,SUP-0058,Aluminium castings,2026-07-10,2026-07-10,2000,0,114.2
4500036586,SUP-0058,Aluminium castings,2026-08-28,2026-09-06,200,0,65.77
4500036614,SUP-0058,Aluminium castings,2026-08-29,2026-09-07,100,0,85.74
4500036623,0000100311,Brazed heat exchangers,2026-06-28,2026-06-28,200,0,22.62
4500036628,0000100311,Brazed heat exchangers,2026-07-18,2026-07-18,500,0,39.05
4500036644,0000100311,Brazed heat exchangers,2026-07-19,2026-07-19,5000,0,110.79
4500036650,0000100311,Brazed heat exchangers,2026-07-15,2026-07-15,200,0,114.63
4500036672,0000100311,Brazed heat exchangers,2026-03-15,2026-03-15,1000,0,52.02
4500036701,0000100311,Brazed heat exchangers,2026-03-21,2026-03-21,5000,0,62.65
4500036724,0000100311,Brazed heat exchangers,2026-05-29,2026-05-29,2000,0,30.32
4500036739,0000100311,Brazed heat exchangers,2026-08-06,2026-08-06,100,0,44.66
4500036743,0000100311,Brazed heat exchangers,2026-04-21,2026-04-21,100,0,48.81
4500036763,0000100311,Brazed heat exchangers,2026-08-31,2026-08-31,500,0,80.68
4500036788,0000100311,Brazed heat exchangers,2026-08-28,2026-08-28,2000,0,15.11
4500036810,0000100311,Brazed heat exchangers,2026-02-06,2026-02-06,2000,0,72.46
4500036818,0000100311,Brazed heat exchangers,2026-08-18,2026-08-18,200,0,38.84
4500036842,0000100311,Brazed heat exchangers,2026-03-04,2026-03-04,5000,0,63.37
4500036865,0000100311,Brazed heat exchangers,2026-03-27,2026-03-27,5000,0,52.33
4500036881,0000100311,Brazed heat exchangers,2026-01-13,2026-01-13,1000,0,32.32
4500036894,SUP-0060,Rubber seals,2026-03-01,2026-03-01,1000,0,63.95
4500036924,SUP-0060,Rubber seals,2026-03-04,2026-03-05,200,0,118.71
4500036929,SUP-0060,Rubber seals,2026-02-25,2026-02-25,2000,0,67.25
4500036946,SUP-0060,Rubber seals,2026-05-23,2026-05-23,5000,3,23.03
4500036962,SUP-0060,Rubber seals,2026-03-17,2026-03-17,5000,0,72.12
4500036973,SUP-0060,Rubber seals,2026-04-23,2026-04-23,100,0,78.94
4500036998,SUP-0060,Rubber seals,2026-07-18,2026-07-18,2000,2,80.5
4500037025,SUP-0060,Rubber seals,2026-02-05,2026-02-05,200,0,30.77
4500037033,SUP-0060,Rubber seals,2026-08-08,2026-08-21,200,1,70.81
4500037046,SUP-0060,Rubber seals,2026-05-08,2026-05-08,200,0,100.56
4500037052,SUP-0060,Rubber seals,2026-04-19,2026-04-19,2000,2,22.69
4500037075,SUP-0060,Rubber seals,2026-04-30,2026-04-30,1000,0,108.66
4500037098,SUP-0060,Rubber seals,2026-01-20,2026-01-20,200,0,9.88
4500037111,SUP-0060,Rubber seals,2026-01-19,2026-01-19,200,0,48.56
4500037131,SUP-0060,Rubber seals,2026-05-19,2026-05-19,1000,1,105.45
4500037150,SUP-0060,Rubber seals,2026-06-27,2026-06-27,1000,2,34.29
4500037151,SUP-0060,Rubber seals,2026-03-19,2026-03-19,100,0,3.51
4500037165,SUP-0060,Rubber seals,2026-03-23,2026-03-23,5000,6,48.0
4500037194,SUP-0060,Rubber seals,2026-04-10,2026-04-10,1000,1,16.65
4500037216,SUP-0060,Rubber seals,2026-02-12,2026-02-12,100,0,75.39
4500037218,SUP-0060,Rubber seals,2026-03-24,2026-03-31,1000,1,29.53
4500037244,SUP-0060,Rubber seals,2026-07-25,2026-08-05,1000,0,43.13
4500037253,SUP-0060,Rubber seals,2026-05-01,2026-05-01,2000,2,102.66
4500037259,SUP-0060,Rubber seals,2026-07-19,2026-07-19,200,0,14.35
4500037266,SUP-0060,Rubber seals,2026-08-05,2026-08-05,1000,0,11.38
4500037293,SUP-0060,Rubber seals,2026-03-31,2026-03-31,200,3,108.06
4500037299,SUP-0060,Rubber seals,2026-07-15,2026-07-15,1000,1,107.78
4500037315,SUP-0060,Rubber seals,2026-04-20,2026-04-20,200,0,71.61
4500037318,SUP-0060,Rubber seals,2026-03-30,2026-03-30,500,0,66.26
4500037326,SUP-0060,Rubber seals,2026-06-18,2026-06-18,1000,1,39.11
4500037355,0000100314,Fasteners,2026-02-09,2026-02-24,2000,0,110.91
4500037356,0000100314,Fasteners,2026-06-10,2026-06-10,2000,1,78.73
4500037376,0000100314,Fasteners,2026-02-11,2026-02-11,500,0,39.23
4500037401,0000100314,Fasteners,2026-05-30,2026-05-30,500,0,25.31
4500037411,0000100314,Fasteners,2026-04-25,2026-04-28,500,0,84.58
4500037431,0000100314,Fasteners,2026-03-31,2026-03-31,100,0,33.8
4500037446,0000100314,Fasteners,2026-01-28,2026-01-28,200,0,107.66
4500037463,0000100314,Fasteners,2026-02-03,2026-02-03,2000,0,23.63
4500037478,0000100314,Fasteners,2026-01-18,2026-01-21,1000,0,29.27
4500037485,0000100314,Fasteners,2026-07-08,2026-07-08,200,1,67.69
4500037514,0000100314,Fasteners,2026-04-13,2026-04-13,1000,0,81.13
4500037517,0000100314,Fasteners,2026-05-19,2026-06-02,1000,0,78.52
4500037526,0000100314,Fasteners,2026-06-03,2026-06-03,1000,0,77.37
4500037551,0000100314,Fasteners,2026-08-25,2026-08-25,500,0,3.34
4500037568,0000100314,Fasteners,2026-08-20,2026-08-20,5000,0,94.04
4500037577,0000100314,Fasteners,2026-07-15,2026-07-15,1000,0,87.95
4500037584,0000100314,Fasteners,2026-03-14,2026-03-14,1000,0,19.7
4500037591,0000100314,Fasteners,2026-05-07,2026-05-07,500,0,67.9
4500037593,0000100314,Fasteners,2026-02-14,2026-02-14,2000,0,115.94
4500037620,0000100314,Fasteners,2026-03-07,2026-03-09,100,0,6.53
4500037647,0000100314,Fasteners,2026-02-12,2026-02-12,1000,0,83.37
4500037670,0000100314,Fasteners,2026-01-11,2026-01-20,100,0,64.86
4500037673,0000100314,Fasteners,2026-04-01,2026-04-01,2000,1,97.36
4500037703,0000100314,Fasteners,2026-07-08,2026-07-08,2000,0,112.19
4500037723,0000100314,Fasteners,2026-04-03,2026-04-04,1000,0,20.66
4500037746,0000100314,Fasteners,2026-03-16,2026-03-16,1000,0,93.14
4500037775,0000100314,Fasteners,2026-02-26,2026-02-26,500,0,37.92
4500037780,0000100314,Fasteners,2026-05-26,2026-06-01,200,0,55.36
4500037783,0000100320,Valves,2026-01-30,2026-01-30,200,0,74.76
4500037789,0000100320,Valves,2026-03-08,2026-03-08,100,0,72.65
4500037795,0000100320,Valves,2026-07-19,2026-07-19,100,0,37.12
4500037819,0000100320,Valves,2026-03-19,2026-03-28,200,0,44.74
4500037829,0000100320,Valves,2026-08-16,2026-08-30,5000,1,19.1
4500037834,0000100320,Valves,2026-03-04,2026-03-04,5000,0,78.41
4500037854,0000100320,Valves,2026-02-03,2026-02-03,200,0,64.33
4500037880,SUP-0061,Hoses & connectors,2026-02-15,2026-02-15,500,0,66.61
4500037885,SUP-0061,Hoses & connectors,2026-05-23,2026-05-23,200,0,109.39
4500037909,SUP-0061,Hoses & connectors,2026-07-18,2026-07-18,2000,0,55.45
4500037923,SUP-0061,Hoses & connectors,2026-02-20,2026-02-20,2000,0,95.89
4500037928,SUP-0061,Hoses & connectors,2026-07-10,2026-07-10,1000,0,50.84
4500037956,0000100325,Packaging,2026-05-19,2026-05-22,200,1,84.51
4500037981,0000100325,Packaging,2026-02-23,2026-02-23,1000,4,113.2
4500037986,0000100325,Packaging,2026-07-20,2026-07-20,2000,15,115.3
4500037987,0000100325,Packaging,2026-05-03,2026-05-03,1000,5,52.91
4500038002,0000100325,Packaging,2026-07-24,2026-07-24,500,5,40.85
4500038031,0000100325,Packaging,2026-05-10,2026-05-10,2000,12,61.26
4500038056,0000100325,Packaging,2026-06-14,2026-06-14,1000,2,91.44
4500038059,0000100325,Packaging,2026-04-16,2026-04-16,100,0,22.92
4500038060,0000100325,Packaging,2026-01-26,2026-01-26,2000,10,18.79
4500038088,0000100325,Packaging,2026-07-23,2026-07-23,100,0,71.64
4500038097,0000100325,Packaging,2026-05-31,2026-05-31,500,3,61.53
4500038099,0000100325,Packaging,2026-05-19,2026-05-19,2000,9,51.63
4500038125,0000100325,Packaging,2026-08-28,2026-08-28,500,4,114.98
4500038142,0000100325,Packaging,2026-05-16,2026-05-16,5000,20,33.95
4500038161,0000100325,Packaging,2026-04-16,2026-04-16,200,0,57.26
4500038167,0000100325,Packaging,2026-05-11,2026-05-11,100,2,43.08
4500038183,0000100325,Packaging,2026-06-30,2026-06-30,2000,8,81.93
4500038203,0000100325,Packaging,2026-03-04,2026-03-04,500,3,94.94
4500038229,0000100325,Packaging,2026-03-05,2026-03-05,200,2,5.15
4500038244,0000100325,Packaging,2026-02-13,2026-02-13,1000,9,117.12
4500038247,0000100325,Packaging,2026-01-11,2026-01-11,100,1,39.71
4500038249,SUP-0062,Packaging,2026-04-05,2026-04-05,500,0,95.42
4500038250,SUP-0062,Packaging,2026-07-16,2026-07-16,2000,1,106.61
4500038280,SUP-0062,Packaging,2026-07-29,2026-07-29,5000,0,117.34
4500038286,SUP-0062,Packaging,2026-04-25,2026-04-27,200,1,30.98
4500038295,SUP-0062,Packaging,2026-03-16,2026-03-21,1000,1,51.27
4500038318,SUP-0062,Packaging,2026-08-22,2026-08-25,2000,0,109.83
4500038337,SUP-0062,Packaging,2026-02-20,2026-02-28,200,0,58.69
4500038341,SUP-0062,Packaging,2026-01-10,2026-01-23,2000,0,63.5
4500038353,SUP-0062,Packaging,2026-01-14,2026-01-21,200,0,14.0
4500038375,SUP-0062,Packaging,2026-02-05,2026-02-13,5000,0,4.17
4500038387,SUP-0062,Packaging,2026-04-13,2026-04-13,100,0,72.92
4500038401,SUP-0062,Packaging,2026-06-22,2026-07-04,1000,0,64.38
4500038423,SUP-0062,Packaging,2026-05-04,2026-05-04,5000,1,72.43
4500038426,SUP-0062,Packaging,2026-02-27,2026-02-27,100,0,64.54
4500038453,SUP-0063,Rubber seals,2026-06-07,2026-06-07,200,0,83.35
4500038477,SUP-0063,Rubber seals,2026-01-11,2026-01-11,1000,0,58.49
4500038478,SUP-0063,Rubber seals,2026-01-29,2026-01-29,500,0,9.11
4500038508,SUP-0063,Rubber seals,2026-05-07,2026-05-07,5000,1,105.98
4500038529,SUP-0063,Rubber seals,2026-07-20,2026-07-20,1000,0,10.9
4500038546,SUP-0063,Rubber seals,2026-01-26,2026-01-26,5000,0,68.99
4500038569,SUP-0063,Rubber seals,2026-06-23,2026-06-23,100,0,110.41
4500038586,SUP-0063,Rubber seals,2026-05-03,2026-05-03,100,0,1.96
4500038588,SUP-0063,Rubber seals,2026-05-28,2026-05-28,500,0,71.99
4500038598,SUP-0063,Rubber seals,2026-03-29,2026-03-29,1000,0,54.15
4500038622,SUP-0063,Rubber seals,2026-06-09,2026-06-09,5000,0,92.16
4500038624,SUP-0063,Rubber seals,2026-07-10,2026-07-10,5000,1,9.7
4500038630,SUP-0063,Rubber seals,2026-08-25,2026-09-06,1000,0,76.69
4500038647,SUP-0063,Rubber seals,2026-03-29,2026-03-29,500,0,59.75
4500038670,SUP-0063,Rubber seals,2026-05-08,2026-05-08,500,0,85.51
4500038682,SUP-0063,Rubber seals,2026-01-20,2026-01-20,100,0,34.96
4500038712,SUP-0063,Rubber seals,2026-01-14,2026-01-14,500,0,9.65
4500038737,SUP-0063,Rubber seals,2026-03-16,2026-03-16,200,0,117.98
4500038757,SUP-0063,Rubber seals,2026-07-11,2026-07-11,500,0,117.8
4500038781,SUP-0063,Rubber seals,2026-05-06,2026-05-06,100,0,118.46
4500038809,SUP-0063,Rubber seals,2026-06-19,2026-06-19,2000,0,38.83
4500038838,SUP-0063,Rubber seals,2026-05-23,2026-05-23,200,0,6.04
4500038866,SUP-0063,Rubber seals,2026-08-21,2026-08-21,500,0,119.54
4500038876,SUP-0063,Rubber seals,2026-03-01,2026-03-01,500,0,5.41
4500038897,SUP-0063,Rubber seals,2026-01-22,2026-01-22,200,0,99.77
4500038927,SUP-0063,Rubber seals,2026-01-16,2026-01-16,200,0,66.46
4500038948,SUP-0063,Rubber seals,2026-06-29,2026-06-29,2000,0,79.49
4500038951,SUP-0063,Rubber seals,2026-05-16,2026-05-16,5000,0,45.49
4500038980,SUP-0063,Rubber seals,2026-03-05,2026-03-05,1000,0,63.84
4500038987,SUP-0063,Rubber seals,2026-01-10,2026-01-10,2000,0,49.77
4500039014,SUP-0063,Rubber seals,2026-01-13,2026-01-13,100,0,82.17
4500039028,SUP-0063,Rubber seals,2026-04-13,2026-04-13,200,0,65.0
4500039050,SUP-0063,Rubber seals,2026-06-18,2026-06-18,200,0,10.97
4500039068,SUP-0063,Rubber seals,2026-08-27,2026-08-27,200,0,70.99
4500039091,SUP-0063,Rubber seals,2026-05-21,2026-05-21,5000,0,98.54
4500039108,SUP-0063,Rubber seals,2026-03-15,2026-03-15,1000,0,58.92
4500039113,SUP-0063,Rubber seals,2026-02-20,2026-02-20,100,0,33.23
4500039130,SUP-0063,Rubber seals,2026-04-05,2026-04-05,500,0,33.18
4500039133,SUP-0063,Rubber seals,2026-07-15,2026-07-20,5000,1,20.62
4500039135,SUP-0063,Rubber seals,2026-05-11,2026-05-11,200,0,34.31
4500039159,SUP-0063,Rubber seals,2026-01-26,2026-01-26,200,0,6.34
4500039167,SUP-0063,Rubber seals,2026-02-20,2026-02-20,5000,0,45.24
4500039168,SUP-0063,Rubber seals,2026-04-13,2026-04-13,200,0,46.2
4500039172,SUP-0063,Rubber seals,2026-05-13,2026-05-13,200,0,50.48
4500039192,SUP-0063,Rubber seals,2026-01-08,2026-01-08,200,0,93.87
4500039197,SUP-0063,Rubber seals,2026-02-15,2026-03-01,1000,0,50.32
4500039217,SUP-0063,Rubber seals,2026-04-22,2026-04-22,500,0,2.22
4500039222,SUP-0063,Rubber seals,2026-02-10,2026-02-10,200,0,9.86
4500039240,SUP-0063,Rubber seals,2026-06-10,2026-06-10,5000,1,96.24
4500039241,SUP-0063,Rubber seals,2026-03-15,2026-03-15,500,0,102.87
4500039250,SUP-0063,Rubber seals,2026-07-18,2026-07-27,2000,0,104.26
4500039270,SUP-0063,Rubber seals,2026-03-01,2026-03-03,1000,0,104.12
4500039271,SUP-0063,Rubber seals,2026-05-24,2026-05-31,5000,1,17.11
4500039281,SUP-0063,Rubber seals,2026-01-29,2026-01-29,100,0,54.36
4500039305,SUP-0063,Rubber seals,2026-03-13,2026-03-13,2000,0,94.88
4500039314,SUP-0063,Rubber seals,2026-07-23,2026-07-31,2000,0,50.59
4500039330,SUP-0063,Rubber seals,2026-08-03,2026-08-03,500,0,8.34
4500039337,SUP-0063,Rubber seals,2026-05-28,2026-05-28,200,0,38.71
4500039354,SUP-0063,Rubber seals,2026-04-17,2026-04-17,2000,1,91.12
4500039378,SUP-0063,Rubber seals,2026-03-28,2026-03-28,500,0,100.61
4500039380,SUP-0063,Rubber seals,2026-04-30,2026-04-30,5000,0,88.87
4500039391,SUP-0063,Rubber seals,2026-04-16,2026-04-16,200,0,99.12
4500039401,SUP-0063,Rubber seals,2026-04-15,2026-04-15,200,0,29.54
4500039431,SUP-0063,Rubber seals,2026-05-11,2026-05-11,200,0,33.86
4500039434,SUP-0063,Rubber seals,2026-06-18,2026-06-18,100,0,113.44
4500039438,SUP-0063,Rubber seals,2026-08-23,2026-08-23,2000,0,88.55
4500039451,SUP-0063,Rubber seals,2026-07-04,2026-07-18,1000,0,43.27
4500039466,SUP-0063,Rubber seals,2026-05-20,2026-05-20,200,0,43.32
4500039488,SUP-0063,Rubber seals,2026-08-02,2026-08-11,100,0,21.69
4500039494,SUP-0063,Rubber seals,2026-04-11,2026-04-11,2000,0,87.99
4500039511,SUP-0063,Rubber seals,2026-02-01,2026-02-01,1000,0,98.53
4500039533,SUP-0063,Rubber seals,2026-06-17,2026-06-17,100,0,9.78
4500039538,SUP-0063,Rubber seals,2026-02-03,2026-02-03,2000,0,117.43
4500039567,SUP-0063,Rubber seals,2026-06-20,2026-06-20,1000,0,25.24
4500039571,SUP-0063,Rubber seals,2026-06-16,2026-06-16,2000,0,72.71
4500039592,SUP-0063,Rubber seals,2026-01-07,2026-01-07,500,0,92.36
4500039615,0000100334,Packaging,2026-03-17,2026-03-17,2000,1,19.38
4500039617,0000100334,Packaging,2026-05-09,2026-05-09,1000,0,67.87
4500039631,0000100334,Packaging,2026-08-09,2026-08-09,2000,1,73.71
4500039633,0000100334,Packaging,2026-07-10,2026-07-10,500,0,38.69
4500039650,0000100334,Packaging,2026-08-02,2026-08-02,1000,0,7.81
4500039672,0000100334,Packaging,2026-02-20,2026-02-20,500,0,15.02
4500039695,0000100334,Packaging,2026-02-20,2026-02-20,500,0,114.96
4500039716,0000100334,Packaging,2026-01-15,2026-01-15,100,0,87.44
4500039719,0000100334,Packaging,2026-07-19,2026-07-19,5000,3,8.1
4500039723,0000100334,Packaging,2026-02-25,2026-02-25,100,0,83.49
4500039732,0000100334,Packaging,2026-08-16,2026-08-16,500,1,57.03
4500039749,0000100334,Packaging,2026-03-29,2026-03-29,5000,6,95.14
4500039756,0000100334,Packaging,2026-04-06,2026-04-06,100,1,79.05
4500039777,0000100334,Packaging,2026-08-22,2026-08-22,5000,4,11.64
4500039792,0000100334,Packaging,2026-08-21,2026-08-21,2000,3,56.92
4500039811,0000100334,Packaging,2026-04-18,2026-04-18,1000,0,91.46
4500039814,0000100334,Packaging,2026-01-25,2026-01-25,200,0,30.23
4500039840,0000100334,Packaging,2026-08-06,2026-08-06,100,0,73.6
4500039843,0000100334,Packaging,2026-06-06,2026-06-06,2000,1,18.52
4500039865,0000100334,Packaging,2026-07-12,2026-07-12,5000,2,86.68
4500039881,0000100334,Packaging,2026-02-16,2026-02-16,500,0,83.86
4500039895,0000100334,Packaging,2026-02-07,2026-02-07,200,0,88.61
4500039924,0000100334,Packaging,2026-08-15,2026-08-15,1000,1,93.19
4500039950,0000100334,Packaging,2026-02-19,2026-02-20,5000,1,89.41
4500039979,0000100334,Packaging,2026-08-15,2026-08-15,2000,2,92.32
4500039986,0000100334,Packaging,2026-01-25,2026-01-25,2000,1,32.15
4500040002,0000100334,Packaging,2026-02-02,2026-02-02,2000,1,15.11
4500040031,0000100334,Packaging,2026-07-26,2026-07-26,500,1,66.04
4500040035,0000100334,Packaging,2026-01-10,2026-01-10,200,0,31.76
4500040044,0000100334,Packaging,2026-04-28,2026-04-28,100,0,77.71
4500040063,0000100334,Packaging,2026-02-02,2026-02-02,5000,1,54.37
4500040069,0000100334,Packaging,2026-06-15,2026-06-15,100,0,116.02
4500040098,0000100334,Packaging,2026-04-14,2026-04-14,5000,5,64.0
4500040127,0000100334,Packaging,2026-04-27,2026-04-27,100,0,88.12
4500040144,0000100334,Packaging,2026-08-23,2026-08-23,5000,5,7.25
4500040172,0000100334,Packaging,2026-05-08,2026-05-08,100,0,24.05
4500040184,0000100334,Packaging,2026-08-19,2026-08-19,2000,0,105.75
4500040187,0000100334,Packaging,2026-08-16,2026-08-16,2000,0,31.43
4500040217,0000100334,Packaging,2026-04-12,2026-04-12,2000,4,106.56
4500040231,0000100334,Packaging,2026-04-07,2026-04-07,500,1,33.83
4500040238,0000100334,Packaging,2026-08-06,2026-08-06,500,0,16.29
4500040245,0000100334,Packaging,2026-04-24,2026-04-24,1000,0,7.32
4500040269,0000100334,Packaging,2026-04-04,2026-04-04,100,0,31.53
4500040273,0000100334,Packaging,2026-07-21,2026-07-21,100,0,104.59
4500040295,0000100334,Packaging,2026-08-10,2026-08-10,5000,4,90.62
4500040317,0000100334,Packaging,2026-02-15,2026-02-15,500,0,14.43
4500040343,0000100334,Packaging,2026-02-17,2026-03-02,100,1,65.49
4500040365,0000100334,Packaging,2026-08-29,2026-08-29,200,0,55.05
4500040383,0000100334,Packaging,2026-08-17,2026-08-17,200,0,57.05
4500040413,0000100334,Packaging,2026-02-23,2026-02-23,5000,2,21.13
4500040422,0000100334,Packaging,2026-02-20,2026-02-20,2000,3,52.45
4500040438,0000100334,Packaging,2026-06-09,2026-06-09,5000,9,88.78
4500040465,0000100334,Packaging,2026-07-21,2026-07-21,100,0,56.67
4500040491,0000100334,Packaging,2026-02-07,2026-02-07,500,1,28.79
4500040512,0000100334,Packaging,2026-05-27,2026-05-27,2000,1,113.96
4500040536,0000100334,Packaging,2026-06-20,2026-06-20,200,0,54.43
4500040557,0000100334,Packaging,2026-07-13,2026-07-13,500,0,67.35
4500040569,0000100334,Packaging,2026-01-28,2026-01-28,1000,0,55.25
4500040585,0000100334,Packaging,2026-08-08,2026-08-08,1000,0,83.57
4500040612,0000100334,Packaging,2026-07-11,2026-07-11,1000,0,7.29
4500040639,0000100334,Packaging,2026-07-06,2026-07-20,1000,0,28.4
4500040643,0000100334,Packaging,2026-08-14,2026-08-14,200,0,7.5
4500040662,0000100334,Packaging,2026-06-03,2026-06-15,1000,1,68.98
4500040677,0000100334,Packaging,2026-05-03,2026-05-03,1000,2,84.57
4500040706,0000100334,Packaging,2026-04-20,2026-04-20,500,0,49.43
4500040732,0000100334,Packaging,2026-07-05,2026-07-05,5000,3,70.1
4500040748,0000100334,Packaging,2026-01-18,2026-01-18,1000,0,48.38
4500040757,0000100334,Packaging,2026-02-24,2026-02-24,2000,0,14.28
4500040763,0000100334,Packaging,2026-02-15,2026-02-15,5000,5,107.5
4500040768,0000100334,Packaging,2026-03-26,2026-03-26,1000,1,14.8
4500040769,0000100334,Packaging,2026-05-24,2026-05-24,100,0,107.16
4500040793,0000100334,Packaging,2026-03-28,2026-03-28,5000,2,110.65
4500040822,0000100334,Packaging,2026-05-19,2026-05-19,200,0,23.22
4500040840,0000100334,Packaging,2026-01-15,2026-01-15,2000,0,61.37
4500040846,0000100334,Packaging,2026-06-27,2026-06-27,100,0,91.93
4500040852,0000100334,Packaging,2026-03-15,2026-03-15,1000,0,2.96
4500040862,0000100334,Packaging,2026-08-19,2026-08-19,5000,5,99.4
4500040872,0000100334,Packaging,2026-07-06,2026-07-06,5000,6,73.22
4500040898,0000100334,Packaging,2026-02-22,2026-02-22,2000,1,27.8
4500040917,SUP-0064,Rubber seals,2026-04-21,2026-04-21,1000,3,117.33
4500040947,SUP-0064,Rubber seals,2026-08-08,2026-08-08,500,3,20.5
4500040966,SUP-0064,Rubber seals,2026-05-31,2026-06-13,500,2,69.29
4500040975,SUP-0064,Rubber seals,2026-01-29,2026-01-29,2000,18,25.67
4500040977,SUP-0064,Rubber seals,2026-05-26,2026-05-26,5000,21,0.81
4500040985,SUP-0064,Rubber seals,2026-08-04,2026-08-04,2000,9,41.9
4500040999,SUP-0064,Rubber seals,2026-08-07,2026-08-07,200,1,79.45
4500041000,SUP-0064,Rubber seals,2026-04-11,2026-04-11,1000,6,47.12
4500041011,SUP-0064,Rubber seals,2026-03-29,2026-03-29,2000,11,56.07
4500041036,SUP-0064,Rubber seals,2026-01-06,2026-01-06,500,4,50.82
4500041047,SUP-0064,Rubber seals,2026-07-23,2026-07-23,100,1,58.92
4500041049,0000100338,Fasteners,2026-08-14,2026-08-15,5000,5,71.02
4500041067,0000100338,Fasteners,2026-08-11,2026-08-11,200,0,10.23
4500041094,0000100338,Fasteners,2026-06-06,2026-06-06,500,0,67.37
4500041111,0000100338,Fasteners,2026-06-29,2026-06-29,5000,4,89.92
4500041122,0000100338,Fasteners,2026-06-22,2026-06-22,5000,6,29.55
4500041134,0000100338,Fasteners,2026-01-28,2026-01-28,1000,1,37.39
4500041142,0000100338,Fasteners,2026-07-09,2026-07-24,500,2,103.75
4500041168,0000100338,Fasteners,2026-08-25,2026-08-25,2000,1,24.97
4500041171,0000100338,Fasteners,2026-05-28,2026-05-28,200,0,70.42
4500041188,0000100338,Fasteners,2026-04-13,2026-04-13,200,1,87.95
4500041210,0000100338,Fasteners,2026-05-04,2026-05-04,500,0,23.75
4500041233,0000100338,Fasteners,2026-05-10,2026-05-22,200,0,41.04
4500041245,0000100338,Fasteners,2026-05-14,2026-05-18,5000,2,79.78
4500041255,0000100338,Fasteners,2026-02-15,2026-02-15,2000,1,12.48
4500041264,0000100338,Fasteners,2026-06-16,2026-06-21,2000,2,42.76
4500041282,0000100338,Fasteners,2026-02-01,2026-02-01,500,1,68.98
4500041301,0000100338,Fasteners,2026-01-11,2026-01-26,200,0,39.77
4500041303,0000100338,Fasteners,2026-03-09,2026-03-18,5000,3,104.92
4500041331,0000100338,Fasteners,2026-01-17,2026-01-17,200,0,10.08
4500041351,0000100338,Fasteners,2026-04-26,2026-04-26,500,0,108.62
4500041379,0000100338,Fasteners,2026-07-02,2026-07-02,100,0,117.37
4500041394,0000100338,Fasteners,2026-03-22,2026-03-22,100,0,2.74
4500041396,0000100338,Fasteners,2026-01-14,2026-01-14,200,0,11.47
4500041422,0000100338,Fasteners,2026-02-17,2026-02-17,5000,5,42.18
4500041442,0000100338,Fasteners,2026-06-23,2026-06-23,1000,1,49.66
4500041464,0000100338,Fasteners,2026-07-07,2026-07-07,2000,1,119.14
4500041479,0000100342,Packaging,2026-06-02,2026-06-02,500,0,54.66
4500041490,0000100342,Packaging,2026-06-04,2026-06-04,100,0,14.5
4500041501,0000100342,Packaging,2026-07-07,2026-07-07,500,0,6.19
4500041504,0000100342,Packaging,2026-06-21,2026-06-21,500,0,11.38
4500041519,0000100342,Packaging,2026-03-13,2026-03-13,1000,0,54.92
4500041529,0000100342,Packaging,2026-08-27,2026-08-27,2000,0,15.1
4500041536,0000100342,Packaging,2026-02-13,2026-02-13,100,1,20.56
4500041539,0000100342,Packaging,2026-07-18,2026-07-18,2000,0,32.49
4500041566,0000100342,Packaging,2026-01-07,2026-01-07,500,0,45.07
4500041579,0000100342,Packaging,2026-01-16,2026-01-16,200,0,76.69
4500041589,0000100342,Packaging,2026-05-09,2026-05-09,1000,0,15.88
4500041603,0000100342,Packaging,2026-06-07,2026-06-07,5000,0,110.62
4500041609,0000100342,Packaging,2026-06-16,2026-06-16,200,0,79.63
4500041632,0000100342,Packaging,2026-06-02,2026-06-02,100,0,92.02
4500041648,0000100342,Packaging,2026-02-02,2026-02-02,1000,1,84.26
4500041671,0000100342,Packaging,2026-08-17,2026-08-17,2000,2,103.92
4500041674,0000100342,Packaging,2026-07-03,2026-07-03,1000,0,94.2
4500041703,0000100342,Packaging,2026-01-27,2026-01-27,200,0,62.27
4500041728,0000100342,Packaging,2026-07-28,2026-07-28,100,0,24.77
4500041729,0000100342,Packaging,2026-04-19,2026-04-19,500,0,70.79
4500041745,0000100342,Packaging,2026-06-12,2026-06-12,5000,0,83.95
4500041761,0000100342,Packaging,2026-05-21,2026-05-28,100,0,66.54
4500041786,0000100342,Packaging,2026-05-03,2026-05-03,200,0,12.87
4500041815,0000100342,Packaging,2026-04-03,2026-04-03,100,0,57.18
4500041818,0000100342,Packaging,2026-06-20,2026-06-27,100,0,40.7
4500041836,0000100342,Packaging,2026-06-23,2026-06-23,100,0,8.62
4500041843,0000100342,Packaging,2026-02-05,2026-02-05,5000,0,107.9
4500041847,0000100342,Packaging,2026-08-17,2026-08-17,1000,0,4.82
4500041871,0000100342,Packaging,2026-01-25,2026-01-25,5000,0,18.77
4500041877,0000100342,Packaging,2026-05-21,2026-05-21,100,0,64.55
4500041900,0000100342,Packaging,2026-05-16,2026-05-16,100,0,116.12
4500041923,0000100342,Packaging,2026-03-17,2026-03-17,5000,2,86.31
4500041924,0000100342,Packaging,2026-07-12,2026-07-12,500,0,41.2
4500041948,0000100342,Packaging,2026-05-16,2026-05-16,2000,0,32.27
4500041957,0000100342,Packaging,2026-08-02,2026-08-02,5000,0,87.89
4500041982,0000100342,Packaging,2026-01-17,2026-01-17,100,0,52.57
4500041993,0000100342,Packaging,2026-01-29,2026-01-29,500,0,50.05
4500042023,0000100342,Packaging,2026-04-15,2026-04-15,100,0,31.92
4500042032,0000100342,Packaging,2026-01-26,2026-01-26,500,0,26.35
4500042036,0000100342,Packaging,2026-02-03,2026-02-03,5000,1,106.12
4500042046,0000100342,Packaging,2026-04-20,2026-04-20,1000,0,87.45
4500042068,0000100342,Packaging,2026-06-22,2026-06-22,2000,0,19.75
4500042069,0000100342,Packaging,2026-04-13,2026-04-13,1000,0,88.18
4500042074,0000100342,Packaging,2026-06-27,2026-06-27,500,0,70.45
4500042075,0000100342,Packaging,2026-03-15,2026-03-15,100,0,16.03
4500042090,0000100342,Packaging,2026-02-09,2026-02-09,100,0,72.83
4500042100,0000100342,Packaging,2026-04-25,2026-04-25,1000,0,88.69
4500042124,0000100342,Packaging,2026-06-16,2026-06-16,5000,0,53.43
4500042147,0000100342,Packaging,2026-04-29,2026-04-29,5000,0,87.58
4500042171,0000100342,Packaging,2026-02-10,2026-02-10,1000,0,111.52
4500042180,0000100342,Packaging,2026-03-19,2026-03-19,500,0,103.07
4500042205,0000100342,Packaging,2026-04-15,2026-04-15,1000,0,113.96
4500042217,0000100342,Packaging,2026-06-06,2026-06-06,100,0,66.77
4500042234,0000100342,Packaging,2026-08-12,2026-08-12,100,0,28.53
4500042257,0000100342,Packaging,2026-07-17,2026-07-17,500,0,66.58
4500042260,0000100342,Packaging,2026-08-19,2026-08-19,100,0,65.81
4500042266,0000100342,Packaging,2026-09-02,2026-09-02,500,0,28.25
4500042272,0000100342,Packaging,2026-04-30,2026-04-30,500,0,66.84
4500042286,0000100342,Packaging,2026-07-10,2026-07-10,100,0,106.73
4500042291,0000100342,Packaging,2026-08-12,2026-08-12,1000,0,50.43
4500042302,0000100342,Packaging,2026-08-31,2026-09-14,1000,0,67.54
4500042315,0000100342,Packaging,2026-08-02,2026-08-02,200,0,84.05
4500042328,0000100342,Packaging,2026-01-12,2026-01-24,1000,1,40.25
4500042337,0000100342,Packaging,2026-05-04,2026-05-05,5000,3,5.5
4500042344,0000100342,Packaging,2026-04-27,2026-04-27,1000,0,8.73
4500042353,0000100342,Packaging,2026-07-11,2026-07-11,100,0,28.5
4500042369,0000100342,Packaging,2026-08-15,2026-08-15,100,0,5.61
4500042385,0000100342,Packaging,2026-04-08,2026-04-08,2000,0,57.59
4500042401,0000100342,Packaging,2026-05-07,2026-05-07,100,0,60.89
4500042405,0000100342,Packaging,2026-06-07,2026-06-07,200,0,78.09
4500042427,0000100342,Packaging,2026-03-21,2026-03-21,2000,0,68.15
4500042437,0000100342,Packaging,2026-02-09,2026-02-09,1000,0,118.81
4500042455,0000100342,Packaging,2026-02-26,2026-02-26,500,0,118.22
4500042460,0000100342,Packaging,2026-05-31,2026-05-31,100,0,15.99
4500042488,0000100342,Packaging,2026-01-17,2026-01-17,100,0,108.76
4500042506,0000100342,Packaging,2026-03-11,2026-03-11,2000,1,57.84
4500042516,0000100342,Packaging,2026-07-09,2026-07-22,1000,0,108.16
4500042531,0000100342,Packaging,2026-04-09,2026-04-09,5000,0,59.5
4500042536,0000100342,Packaging,2026-03-15,2026-03-15,5000,0,13.25
4500042560,SUP-0066,Plastic housings,2026-03-17,2026-03-17,2000,0,116.26
4500042572,SUP-0066,Plastic housings,2026-07-25,2026-08-09,500,0,98.28
4500042600,SUP-0066,Plastic housings,2026-07-25,2026-07-28,100,0,83.19
4500042612,SUP-0066,Plastic housings,2026-06-24,2026-07-03,100,0,82.86
4500042630,SUP-0066,Plastic housings,2026-03-25,2026-03-25,500,0,111.13
4500042647,SUP-0066,Plastic housings,2026-07-22,2026-07-24,1000,0,86.92
4500042656,SUP-0066,Plastic housings,2026-06-04,2026-06-04,5000,0,29.33
4500042667,SUP-0066,Plastic housings,2026-06-20,2026-06-20,2000,0,115.62
4500042697,SUP-0066,Plastic housings,2026-05-10,2026-05-10,100,0,51.45
4500042712,SUP-0066,Plastic housings,2026-08-10,2026-08-17,200,1,94.15
4500042729,SUP-0066,Plastic housings,2026-04-13,2026-04-13,5000,1,70.72
4500042748,SUP-0066,Plastic housings,2026-03-30,2026-03-30,5000,0,10.23
4500042760,SUP-0066,Plastic housings,2026-05-14,2026-05-14,500,0,8.89
4500042772,SUP-0066,Plastic housings,2026-05-30,2026-05-30,5000,1,77.42
4500042790,SUP-0066,Plastic housings,2026-08-23,2026-08-23,2000,0,71.45
4500042798,SUP-0066,Plastic housings,2026-03-28,2026-04-08,500,1,24.5
4500042827,SUP-0066,Plastic housings,2026-03-17,2026-03-17,2000,0,71.24
4500042828,SUP-0066,Plastic housings,2026-02-03,2026-02-03,1000,0,45.07
4500042856,SUP-0066,Plastic housings,2026-08-30,2026-09-13,2000,0,109.18
4500042859,SUP-0066,Plastic housings,2026-04-23,2026-04-23,100,0,57.01
4500042860,SUP-0066,Plastic housings,2026-04-16,2026-04-22,2000,1,71.8
4500042879,SUP-0066,Plastic housings,2026-03-06,2026-03-17,500,1,107.22
4500042909,SUP-0066,Plastic housings,2026-03-05,2026-03-20,200,0,34.6
4500042921,SUP-0066,Plastic housings,2026-07-30,2026-08-11,100,0,31.23
4500042928,SUP-0066,Plastic housings,2026-08-22,2026-08-22,200,0,61.65
4500042940,SUP-0066,Plastic housings,2026-04-14,2026-04-14,1000,0,75.79
4500042964,SUP-0066,Plastic housings,2026-05-03,2026-05-03,1000,0,51.45
4500042986,SUP-0066,Plastic housings,2026-02-01,2026-02-07,500,0,78.86
4500042991,SUP-0066,Plastic housings,2026-03-04,2026-03-04,200,0,80.2
4500043015,SUP-0066,Plastic housings,2026-06-04,2026-06-04,2000,0,101.49
4500043021,SUP-0066,Plastic housings,2026-03-21,2026-03-29,500,0,10.23
4500043024,SUP-0066,Plastic housings,2026-05-02,2026-05-09,5000,1,68.95
4500043036,SUP-0066,Plastic housings,2026-04-05,2026-04-05,5000,1,114.26
4500043044,SUP-0066,Plastic housings,2026-07-24,2026-07-24,2000,1,29.11
4500043058,SUP-0067,Brazed heat exchangers,2026-04-21,2026-04-21,5000,3,92.26
4500043059,SUP-0067,Brazed heat exchangers,2026-02-05,2026-02-05,100,0,47.45
4500043069,SUP-0067,Brazed heat exchangers,2026-07-06,2026-07-06,1000,0,4.04
4500043086,SUP-0067,Brazed heat exchangers,2026-06-28,2026-07-11,1000,1,67.77
4500043096,SUP-0067,Brazed heat exchangers,2026-05-04,2026-05-04,1000,1,75.22
4500043107,SUP-0067,Brazed heat exchangers,2026-01-19,2026-01-21,200,0,52.82
4500043110,SUP-0068,Valves,2026-02-06,2026-02-06,100,0,103.08
4500043138,SUP-0068,Valves,2026-08-07,2026-08-07,2000,0,88.67
4500043149,SUP-0068,Valves,2026-05-13,2026-05-13,100,0,114.14
4500043157,SUP-0068,Valves,2026-03-27,2026-03-27,200,0,54.6
4500043179,SUP-0068,Valves,2026-05-22,2026-05-22,100,0,99.27
4500043208,SUP-0068,Valves,2026-04-12,2026-04-12,5000,0,33.04
4500043230,SUP-0068,Valves,2026-04-17,2026-04-17,1000,0,70.45
4500043257,SUP-0068,Valves,2026-07-21,2026-07-21,200,0,105.51
4500043266,SUP-0068,Valves,2026-07-19,2026-07-19,5000,0,77.02
4500043270,SUP-0068,Valves,2026-05-24,2026-05-24,100,0,30.59
4500043291,SUP-0068,Valves,2026-05-15,2026-05-15,5000,0,41.59
4500043302,SUP-0068,Valves,2026-02-06,2026-02-06,100,0,77.78
4500043308,SUP-0068,Valves,2026-02-20,2026-02-20,200,0,3.48
4500043311,SUP-0068,Valves,2026-04-08,2026-04-08,2000,0,65.34
4500043322,SUP-0068,Valves,2026-01-29,2026-01-29,500,1,17.32
4500043346,SUP-0068,Valves,2026-06-18,2026-06-18,2000,0,98.26
4500043357,SUP-0068,Valves,2026-06-15,2026-06-15,5000,0,3.09
4500043372,SUP-0068,Valves,2026-06-09,2026-06-09,200,0,38.52
4500043393,SUP-0068,Valves,2026-07-14,2026-07-14,2000,0,94.19
4500043403,SUP-0068,Valves,2026-01-05,2026-01-05,200,0,28.42
4500043432,SUP-0068,Valves,2026-08-17,2026-08-17,2000,0,107.16
4500043450,SUP-0068,Valves,2026-02-19,2026-02-19,100,0,30.22
4500043476,SUP-0068,Valves,2026-06-12,2026-06-12,500,0,33.95
4500043495,SUP-0068,Valves,2026-02-28,2026-02-28,5000,0,81.14
4500043524,SUP-0068,Valves,2026-03-02,2026-03-02,200,0,33.12
4500043531,SUP-0068,Valves,2026-03-03,2026-03-03,100,0,24.97
4500043541,SUP-0068,Valves,2026-02-16,2026-02-16,5000,1,13.66
4500043562,SUP-0068,Valves,2026-05-05,2026-05-05,5000,1,79.96
4500043569,SUP-0068,Valves,2026-06-12,2026-06-12,500,0,41.49
4500043572,SUP-0068,Valves,2026-02-06,2026-02-06,100,0,70.97
4500043598,SUP-0068,Valves,2026-01-06,2026-01-06,200,0,17.26
4500043622,SUP-0068,Valves,2026-07-23,2026-07-23,1000,0,19.08
4500043648,SUP-0068,Valves,2026-05-08,2026-05-08,500,0,2.69
4500043665,SUP-0068,Valves,2026-03-29,2026-03-29,1000,0,84.66
4500043684,SUP-0068,Valves,2026-06-23,2026-06-23,200,0,118.06
4500043704,SUP-0068,Valves,2026-07-21,2026-07-21,1000,0,34.37
4500043721,SUP-0068,Valves,2026-08-11,2026-08-11,500,1,90.67
4500043740,SUP-0068,Valves,2026-05-18,2026-05-18,500,0,101.1
4500043747,SUP-0068,Valves,2026-07-04,2026-07-04,500,0,86.63
4500043768,SUP-0068,Valves,2026-04-27,2026-05-03,2000,0,61.26
4500043797,SUP-0068,Valves,2026-01-08,2026-01-08,2000,0,38.01
4500043812,SUP-0068,Valves,2026-04-16,2026-04-16,500,0,61.5
4500043827,SUP-0068,Valves,2026-07-15,2026-07-15,100,0,20.44
4500043839,SUP-0068,Valves,2026-08-20,2026-08-23,5000,0,44.08
4500043851,SUP-0068,Valves,2026-07-13,2026-07-13,1000,0,56.38
4500043880,SUP-0068,Valves,2026-05-24,2026-05-24,500,1,50.8
4500043902,SUP-0068,Valves,2026-07-28,2026-07-28,200,0,118.65
4500043924,SUP-0068,Valves,2026-02-14,2026-02-14,500,0,39.66
4500043938,SUP-0068,Valves,2026-06-16,2026-06-16,100,1,73.28
4500043956,0000100346,Aluminium castings,2026-04-11,2026-04-24,100,1,118.78
4500043974,0000100346,Aluminium castings,2026-04-05,2026-04-05,5000,32,77.54
4500043986,0000100346,Aluminium castings,2026-04-09,2026-04-09,5000,22,98.7
4500044005,0000100346,Aluminium castings,2026-08-31,2026-08-31,5000,35,26.21
4500044025,0000100346,Aluminium castings,2026-03-17,2026-03-17,2000,17,42.24
4500044053,0000100346,Aluminium castings,2026-07-23,2026-07-23,1000,3,52.37
4500044054,0000100346,Aluminium castings,2026-05-15,2026-05-15,2000,11,17.7
4500044055,0000100346,Aluminium castings,2026-02-25,2026-02-25,1000,5,72.04
4500044077,0000100346,Aluminium castings,2026-01-22,2026-01-22,1000,4,85.23
4500044082,0000100346,Aluminium castings,2026-05-30,2026-05-30,1000,4,65.53
4500044094,0000100346,Aluminium castings,2026-03-11,2026-03-11,500,0,43.44
4500044114,0000100346,Aluminium castings,2026-02-03,2026-02-03,200,0,62.68
4500044129,0000100346,Aluminium castings,2026-03-12,2026-03-12,5000,28,36.05
4500044150,0000100346,Aluminium castings,2026-04-26,2026-04-27,5000,21,25.87
4500044168,0000100346,Aluminium castings,2026-04-19,2026-04-19,1000,3,32.27
4500044190,0000100346,Aluminium castings,2026-07-06,2026-07-06,500,2,114.05
4500044211,0000100346,Aluminium castings,2026-08-17,2026-08-17,100,1,81.3
4500044228,0000100346,Aluminium castings,2026-03-08,2026-03-08,5000,18,48.38
4500044235,0000100346,Aluminium castings,2026-01-09,2026-01-09,500,3,99.04
4500044237,0000100346,Aluminium castings,2026-01-23,2026-01-23,1000,6,1.33
4500044259,0000100346,Aluminium castings,2026-07-24,2026-07-24,2000,13,54.64
4500044279,0000100346,Aluminium castings,2026-08-10,2026-08-18,2000,13,41.92
4500044285,0000100346,Aluminium castings,2026-05-08,2026-05-08,200,0,32.05
4500044308,0000100346,Aluminium castings,2026-02-11,2026-02-11,200,1,84.7
4500044324,0000100346,Aluminium castings,2026-02-14,2026-02-20,5000,24,20.71
4500044353,0000100346,Aluminium castings,2026-02-13,2026-02-13,1000,3,30.1
4500044364,0000100346,Aluminium castings,2026-05-23,2026-05-23,2000,13,75.99
4500044393,0000100346,Aluminium castings,2026-03-01,2026-03-01,200,0,49.24
4500044400,0000100346,Aluminium castings,2026-03-04,2026-03-04,2000,14,11.68
4500044426,0000100346,Aluminium castings,2026-01-17,2026-01-17,100,0,98.75
4500044439,0000100346,Aluminium castings,2026-06-22,2026-06-22,200,1,39.91
4500044451,0000100346,Aluminium castings,2026-01-19,2026-01-19,1000,4,115.72
4500044467,0000100346,Aluminium castings,2026-01-29,2026-01-29,5000,27,82.26
4500044492,0000100346,Aluminium castings,2026-05-24,2026-05-24,100,0,76.2
4500044515,0000100346,Aluminium castings,2026-07-02,2026-07-02,500,1,45.73
4500044532,0000100346,Aluminium castings,2026-07-06,2026-07-19,500,3,116.15
4500044544,0000100346,Aluminium castings,2026-01-09,2026-01-09,1000,9,108.0
4500044549,0000100351,Valves,2026-08-29,2026-08-29,1000,0,60.56
4500044558,0000100351,Valves,2026-01-31,2026-02-10,1000,0,98.31
4500044582,0000100351,Valves,2026-06-19,2026-06-25,5000,1,19.27
4500044609,0000100351,Valves,2026-04-28,2026-05-12,2000,1,94.75
4500044625,0000100351,Valves,2026-06-01,2026-06-01,200,0,1.19
4500044642,0000100351,Valves,2026-05-01,2026-05-10,5000,1,85.44
4500044667,0000100356,Plastic housings,2026-05-11,2026-05-25,200,0,95.52
4500044679,0000100356,Plastic housings,2026-07-09,2026-07-23,5000,4,35.19
4500044689,0000100356,Plastic housings,2026-03-07,2026-03-09,100,0,84.03
4500044707,0000100356,Plastic housings,2026-06-08,2026-06-13,2000,0,82.89
4500044729,0000100356,Plastic housings,2026-08-05,2026-08-05,500,0,12.23
4500044730,0000100356,Plastic housings,2026-07-22,2026-07-26,5000,1,31.22
4500044731,0000100356,Plastic housings,2026-02-16,2026-02-16,1000,0,119.6
4500044758,0000100356,Plastic housings,2026-05-19,2026-06-01,2000,3,73.9
4500044759,0000100356,Plastic housings,2026-07-16,2026-07-16,200,0,25.53
4500044769,0000100356,Plastic housings,2026-04-15,2026-04-15,500,0,118.61
4500044779,0000100356,Plastic housings,2026-01-05,2026-01-05,5000,9,37.89
4500044791,0000100356,Plastic housings,2026-03-04,2026-03-04,200,0,80.8
4500044806,0000100356,Plastic housings,2026-06-06,2026-06-19,500,0,66.42
4500044812,0000100356,Plastic housings,2026-08-15,2026-08-16,5000,2,12.4
4500044827,0000100356,Plastic housings,2026-08-07,2026-08-13,500,1,52.79
4500044847,0000100356,Plastic housings,2026-08-13,2026-08-24,5000,6,106.67
4500044875,0000100356,Plastic housings,2026-06-20,2026-06-26,100,0,100.91
4500044889,0000100356,Plastic housings,2026-05-28,2026-06-09,100,1,26.26
4500044905,0000100356,Plastic housings,2026-03-18,2026-03-20,200,0,94.72
4500044923,0000100356,Plastic housings,2026-07-17,2026-07-17,2000,0,11.32
4500044945,0000100356,Plastic housings,2026-03-10,2026-03-17,100,0,78.03
4500044947,0000100356,Plastic housings,2026-08-27,2026-09-09,100,0,23.26
4500044966,0000100356,Plastic housings,2026-05-04,2026-05-19,100,0,9.0
4500044985,0000100356,Plastic housings,2026-08-16,2026-08-28,1000,0,73.2
4500045000,0000100356,Plastic housings,2026-05-17,2026-05-17,200,1,26.39
4500045007,0000100356,Plastic housings,2026-07-08,2026-07-10,100,0,6.12
4500045019,0000100356,Plastic housings,2026-04-20,2026-04-28,1000,2,36.84
4500045045,0000100356,Plastic housings,2026-05-12,2026-05-12,2000,2,77.76
4500045061,0000100356,Plastic housings,2026-03-03,2026-03-03,100,1,87.03
4500045075,0000100356,Plastic housings,2026-06-30,2026-06-30,5000,3,15.11
4500045096,0000100356,Plastic housings,2026-08-22,2026-09-03,5000,5,75.45
4500045115,0000100356,Plastic housings,2026-08-29,2026-08-29,200,0,103.92
4500045124,0000100356,Plastic housings,2026-05-22,2026-05-28,1000,3,86.4
4500045141,0000100358,Packaging,2026-03-22,2026-03-22,5000,0,96.87
4500045163,0000100358,Packaging,2026-03-03,2026-03-03,2000,0,75.67
4500045179,0000100358,Packaging,2026-05-18,2026-05-18,100,0,26.74
4500045198,0000100358,Packaging,2026-05-11,2026-05-11,5000,1,41.87
4500045207,0000100366,Hoses & connectors,2026-04-09,2026-04-20,5000,2,18.92
4500045212,0000100366,Hoses & connectors,2026-03-04,2026-03-04,100,0,20.7
4500045228,0000100366,Hoses & connectors,2026-03-28,2026-03-28,200,0,44.94
4500045232,0000100366,Hoses & connectors,2026-07-04,2026-07-04,2000,0,29.03
4500045257,0000100366,Hoses & connectors,2026-01-26,2026-02-01,2000,2,35.62
4500045284,0000100366,Hoses & connectors,2026-05-12,2026-05-12,1000,1,54.96
4500045287,0000100366,Hoses & connectors,2026-03-30,2026-03-30,200,0,46.12
4500045298,0000100366,Hoses & connectors,2026-07-27,2026-07-27,500,0,16.75
4500045320,0000100366,Hoses & connectors,2026-08-23,2026-08-28,5000,5,26.31
4500045329,0000100366,Hoses & connectors,2026-02-20,2026-02-20,100,1,4.01
4500045357,0000100366,Hoses & connectors,2026-03-02,2026-03-03,2000,2,46.07
4500045369,0000100366,Hoses & connectors,2026-01-06,2026-01-06,2000,1,85.72
4500045397,0000100366,Hoses & connectors,2026-05-17,2026-05-17,2000,3,104.6
4500045409,0000100366,Hoses & connectors,2026-07-22,2026-07-31,5000,7,90.81
4500045418,0000100366,Hoses & connectors,2026-07-01,2026-07-01,5000,4,57.06
4500045424,0000100366,Hoses & connectors,2026-07-04,2026-07-04,2000,2,57.72
4500045442,0000100366,Hoses & connectors,2026-03-29,2026-03-29,5000,4,95.81
4500045463,0000100366,Hoses & connectors,2026-05-25,2026-05-25,500,0,17.94
4500045493,0000100366,Hoses & connectors,2026-01-25,2026-01-25,2000,2,1.18
4500045511,0000100366,Hoses & connectors,2026-03-15,2026-03-15,200,0,87.56
4500045528,0000100366,Hoses & connectors,2026-08-01,2026-08-01,1000,1,1.64
4500045549,0000100366,Hoses & connectors,2026-02-15,2026-02-15,500,0,92.69
4500045572,0000100366,Hoses & connectors,2026-05-16,2026-05-16,1000,3,29.35
4500045600,0000100366,Hoses & connectors,2026-02-28,2026-02-28,1000,0,39.36
4500045625,0000100366,Hoses & connectors,2026-02-26,2026-02-26,100,0,57.75
4500045642,0000100366,Hoses & connectors,2026-06-04,2026-06-04,100,0,37.92
4500045671,0000100366,Hoses & connectors,2026-06-24,2026-07-07,100,0,14.51
4500045688,0000100366,Hoses & connectors,2026-06-03,2026-06-14,5000,4,36.78
4500045707,0000100366,Hoses & connectors,2026-04-16,2026-04-30,5000,7,53.53
4500045709,0000100366,Hoses & connectors,2026-04-19,2026-04-22,2000,1,67.65
4500045717,0000100366,Hoses & connectors,2026-06-09,2026-06-13,2000,1,37.27
4500045725,0000100366,Hoses & connectors,2026-03-30,2026-03-30,5000,5,36.92
4500045728,0000100366,Hoses & connectors,2026-08-04,2026-08-06,1000,0,18.49
4500045755,0000100366,Hoses & connectors,2026-05-10,2026-05-19,500,0,17.84
4500045782,0000100366,Hoses & connectors,2026-04-30,2026-05-01,200,0,66.93
4500045801,0000100366,Hoses & connectors,2026-07-07,2026-07-07,5000,2,81.77
4500045812,0000100366,Hoses & connectors,2026-01-05,2026-01-07,1000,0,14.1
4500045834,0000100366,Hoses & connectors,2026-09-02,2026-09-02,5000,6,82.39
4500045852,0000100366,Hoses & connectors,2026-03-05,2026-03-05,200,0,15.75
4500045858,0000100366,Hoses & connectors,2026-03-05,2026-03-05,200,0,5.04
4500045883,0000100366,Hoses & connectors,2026-07-16,2026-07-16,500,0,117.38
4500045890,0000100366,Hoses & connectors,2026-02-02,2026-02-02,500,0,76.6
4500045905,0000100366,Hoses & connectors,2026-03-10,2026-03-10,100,1,22.23
4500045927,0000100366,Hoses & connectors,2026-01-17,2026-01-17,5000,7,69.32
4500045928,0000100366,Hoses & connectors,2026-07-19,2026-07-19,100,0,44.3
4500045936,0000100366,Hoses & connectors,2026-07-01,2026-07-11,1000,0,61.07
4500045953,0000100366,Hoses & connectors,2026-03-09,2026-03-09,100,0,7.17
4500045973,0000100366,Hoses & connectors,2026-01-22,2026-01-31,200,0,91.43
4500046000,0000100366,Hoses & connectors,2026-05-14,2026-05-14,500,1,12.31
4500046029,0000100366,Hoses & connectors,2026-07-07,2026-07-10,200,0,3.62
4500046050,0000100366,Hoses & connectors,2026-06-15,2026-06-15,100,0,67.99
4500046079,0000100366,Hoses & connectors,2026-06-10,2026-06-16,2000,2,87.32
4500046095,0000100366,Hoses & connectors,2026-07-31,2026-07-31,500,1,8.7
4500046107,0000100366,Hoses & connectors,2026-02-20,2026-02-20,200,0,17.95
4500046123,0000100366,Hoses & connectors,2026-06-18,2026-06-30,100,0,110.76
4500046150,0000100366,Hoses & connectors,2026-05-23,2026-05-23,1000,3,76.24
4500046177,0000100366,Hoses & connectors,2026-02-17,2026-02-23,200,1,83.72
4500046183,0000100366,Hoses & connectors,2026-04-11,2026-04-11,500,1,68.58
4500046202,0000100366,Hoses & connectors,2026-03-15,2026-03-23,100,0,79.71
4500046224,0000100366,Hoses & connectors,2026-08-02,2026-08-02,500,2,9.26
4500046230,0000100366,Hoses & connectors,2026-03-22,2026-03-29,5000,5,22.95
4500046234,0000100366,Hoses & connectors,2026-02-06,2026-02-07,2000,3,113.61
4500046258,0000100366,Hoses & connectors,2026-04-29,2026-04-29,5000,3,6.23
4500046282,0000100366,Hoses & connectors,2026-03-10,2026-03-10,5000,3,118.03
4500046312,0000100367,Electronic sensors,2026-08-05,2026-08-05,2000,0,86.37
4500046329,0000100367,Electronic sensors,2026-07-10,2026-07-10,1000,0,29.33
4500046353,0000100367,Electronic sensors,2026-02-25,2026-02-25,2000,0,71.35
4500046375,0000100367,Electronic sensors,2026-03-24,2026-03-26,2000,1,95.79
4500046390,0000100367,Electronic sensors,2026-03-10,2026-03-10,200,0,48.87
4500046399,0000100367,Electronic sensors,2026-04-21,2026-04-21,100,0,9.69
4500046412,0000100367,Electronic sensors,2026-08-11,2026-08-11,200,0,54.68
4500046430,0000100367,Electronic sensors,2026-03-31,2026-03-31,100,0,78.87
4500046446,0000100367,Electronic sensors,2026-08-05,2026-08-05,200,0,14.78
4500046462,0000100367,Electronic sensors,2026-06-10,2026-06-20,200,0,85.82
4500046486,0000100367,Electronic sensors,2026-07-26,2026-07-26,5000,0,80.93
4500046514,0000100367,Electronic sensors,2026-04-10,2026-04-10,200,0,115.47
4500046523,0000100367,Electronic sensors,2026-02-22,2026-02-22,1000,0,95.55
4500046549,0000100367,Electronic sensors,2026-02-02,2026-02-02,1000,1,23.84
4500046569,0000100367,Electronic sensors,2026-01-06,2026-01-06,2000,0,22.04
4500046581,0000100367,Electronic sensors,2026-01-11,2026-01-11,500,0,31.89
4500046583,0000100367,Electronic sensors,2026-05-13,2026-05-13,500,0,70.29
4500046588,0000100367,Electronic sensors,2026-04-04,2026-04-04,500,0,9.59
4500046607,0000100367,Electronic sensors,2026-06-28,2026-06-28,500,0,98.13
4500046629,0000100367,Electronic sensors,2026-01-31,2026-01-31,500,0,6.46
4500046656,0000100367,Electronic sensors,2026-01-31,2026-01-31,100,0,48.06
4500046686,0000100367,Electronic sensors,2026-07-18,2026-07-18,5000,0,28.68
4500046697,0000100367,Electronic sensors,2026-08-17,2026-08-17,200,0,44.05
4500046709,0000100367,Electronic sensors,2026-02-04,2026-02-04,5000,0,60.66
4500046736,0000100367,Electronic sensors,2026-07-04,2026-07-04,5000,0,35.78
4500046763,0000100367,Electronic sensors,2026-04-17,2026-04-17,1000,0,59.21
4500046765,0000100367,Electronic sensors,2026-07-11,2026-07-11,200,0,96.22
4500046792,0000100367,Electronic sensors,2026-04-21,2026-04-21,2000,0,33.94
4500046810,0000100367,Electronic sensors,2026-07-09,2026-07-09,200,0,102.66
4500046839,0000100367,Electronic sensors,2026-09-02,2026-09-02,1000,0,60.41
4500046858,0000100367,Electronic sensors,2026-02-23,2026-02-23,500,1,22.21
4500046881,0000100367,Electronic sensors,2026-02-14,2026-02-14,500,0,49.76
4500046903,0000100367,Electronic sensors,2026-08-08,2026-08-08,5000,2,25.32
4500046931,0000100368,Hoses & connectors,2026-01-20,2026-01-20,5000,0,17.79
4500046951,0000100368,Hoses & connectors,2026-03-14,2026-03-14,5000,1,25.17
4500046953,0000100368,Hoses & connectors,2026-01-23,2026-01-23,100,0,70.16
4500046968,0000100368,Hoses & connectors,2026-05-23,2026-05-25,100,0,75.35
4500046991,0000100368,Hoses & connectors,2026-05-12,2026-05-12,2000,0,25.68
4500046993,0000100368,Hoses & connectors,2026-08-29,2026-08-29,5000,0,93.37
4500047005,0000100368,Hoses & connectors,2026-07-02,2026-07-02,200,0,54.91
4500047007,0000100368,Hoses & connectors,2026-07-12,2026-07-19,100,0,64.05
4500047009,0000100368,Hoses & connectors,2026-06-20,2026-06-25,500,0,100.81
4500047024,0000100368,Hoses & connectors,2026-06-24,2026-06-30,2000,0,8.43
4500047035,0000100368,Hoses & connectors,2026-08-01,2026-08-02,2000,0,59.22
4500047043,0000100368,Hoses & connectors,2026-03-12,2026-03-12,5000,0,51.23
4500047061,0000100368,Hoses & connectors,2026-01-23,2026-01-23,5000,0,42.69
4500047073,0000100368,Hoses & connectors,2026-01-22,2026-01-22,2000,0,91.39
4500047096,0000100368,Hoses & connectors,2026-08-29,2026-08-29,2000,0,82.42
4500047121,0000100368,Hoses & connectors,2026-06-23,2026-06-23,2000,0,62.64
4500047137,0000100368,Hoses & connectors,2026-04-05,2026-04-17,2000,0,100.13
4500047138,0000100368,Hoses & connectors,2026-06-20,2026-06-23,1000,0,108.7
4500047159,0000100368,Hoses & connectors,2026-04-27,2026-04-27,2000,0,51.94
4500047161,0000100368,Hoses & connectors,2026-02-08,2026-02-08,500,0,59.37
4500047185,0000100368,Hoses & connectors,2026-05-23,2026-05-23,200,0,105.1
4500047192,0000100368,Hoses & connectors,2026-01-20,2026-01-27,200,0,11.42
4500047210,0000100368,Hoses & connectors,2026-03-12,2026-03-23,100,0,38.2
4500047213,0000100368,Hoses & connectors,2026-04-25,2026-04-25,2000,0,16.07
4500047219,0000100368,Hoses & connectors,2026-01-27,2026-01-27,500,0,37.67
4500047225,0000100368,Hoses & connectors,2026-06-17,2026-06-28,500,0,109.36
4500047228,0000100368,Hoses & connectors,2026-01-13,2026-01-13,1000,0,28.97
4500047231,0000100368,Hoses & connectors,2026-08-04,2026-08-04,100,0,111.98
4500047249,0000100368,Hoses & connectors,2026-03-28,2026-03-28,2000,0,78.01
4500047270,0000100368,Hoses & connectors,2026-01-08,2026-01-08,500,0,76.47
4500047277,0000100368,Hoses & connectors,2026-06-06,2026-06-13,2000,0,81.26
4500047303,0000100377,Electronic sensors,2026-07-09,2026-07-09,100,0,82.87
4500047333,0000100377,Electronic sensors,2026-05-21,2026-05-21,2000,1,5.92
4500047334,0000100377,Electronic sensors,2026-08-22,2026-08-22,2000,2,9.35
4500047356,0000100377,Electronic sensors,2026-01-09,2026-01-09,200,0,68.02
4500047374,0000100377,Electronic sensors,2026-05-05,2026-05-05,200,0,48.44
4500047382,0000100377,Electronic sensors,2026-09-02,2026-09-16,5000,1,114.43
4500047398,0000100377,Electronic sensors,2026-03-16,2026-03-16,5000,5,2.16
4500047420,0000100377,Electronic sensors,2026-03-03,2026-03-03,100,0,74.04
4500047449,0000100386,Packaging,2026-04-03,2026-04-03,2000,1,38.01
4500047465,0000100386,Packaging,2026-01-18,2026-01-18,1000,0,5.38
4500047486,0000100386,Packaging,2026-05-06,2026-05-11,500,1,54.92
4500047497,0000100386,Packaging,2026-02-18,2026-02-18,1000,0,49.66
4500047498,0000100386,Packaging,2026-01-17,2026-01-17,500,0,52.69
4500047513,0000100386,Packaging,2026-04-09,2026-04-09,5000,5,8.39
4500047523,0000100386,Packaging,2026-05-09,2026-05-09,5000,6,40.86
4500047531,0000100386,Packaging,2026-04-30,2026-04-30,2000,4,106.08
4500047534,0000100386,Packaging,2026-07-27,2026-07-27,100,0,93.94
4500047551,0000100386,Packaging,2026-08-13,2026-08-13,5000,0,69.24
4500047559,0000100386,Packaging,2026-05-10,2026-05-13,1000,0,46.13
4500047564,0000100386,Packaging,2026-06-19,2026-06-19,1000,0,61.08
4500047566,0000100386,Packaging,2026-04-30,2026-04-30,200,0,17.83
4500047576,0000100386,Packaging,2026-08-27,2026-08-27,1000,1,61.33
4500047591,0000100386,Packaging,2026-06-12,2026-06-12,100,1,55.56
4500047613,0000100386,Packaging,2026-01-08,2026-01-08,500,0,109.96
4500047627,0000100386,Packaging,2026-06-20,2026-06-20,100,0,80.01
4500047642,0000100386,Packaging,2026-01-10,2026-01-10,5000,7,43.24
4500047653,0000100386,Packaging,2026-04-20,2026-04-20,2000,0,87.22
4500047657,0000100386,Packaging,2026-04-05,2026-04-05,2000,3,100.17
4500047661,0000100386,Packaging,2026-06-04,2026-06-04,200,0,64.45
4500047667,0000100386,Packaging,2026-08-16,2026-08-16,2000,2,95.61
4500047697,0000100386,Packaging,2026-08-08,2026-08-08,500,0,71.03
4500047706,0000100386,Packaging,2026-05-11,2026-05-11,2000,3,91.84
4500047727,0000100386,Packaging,2026-07-01,2026-07-01,5000,3,95.19
4500047732,0000100386,Packaging,2026-02-28,2026-02-28,2000,1,50.03
4500047740,0000100386,Packaging,2026-01-30,2026-01-30,100,0,28.38
4500047742,0000100386,Packaging,2026-03-20,2026-03-20,5000,3,30.32
4500047771,0000100386,Packaging,2026-07-28,2026-07-28,1000,0,57.96
4500047772,0000100386,Packaging,2026-07-26,2026-07-26,500,0,104.44
4500047801,0000100386,Packaging,2026-05-07,2026-05-07,100,0,15.25
4500047814,0000100386,Packaging,2026-06-10,2026-06-10,500,0,83.41
4500047817,0000100386,Packaging,2026-08-12,2026-08-12,5000,6,13.58
4500047832,0000100386,Packaging,2026-05-21,2026-05-21,100,0,30.77
4500047838,0000100386,Packaging,2026-05-30,2026-05-30,100,1,20.71
4500047839,0000100386,Packaging,2026-01-12,2026-01-12,2000,1,99.98
4500047840,0000100386,Packaging,2026-02-15,2026-02-15,1000,1,28.36
4500047854,0000100386,Packaging,2026-01-05,2026-01-05,500,0,26.88
4500047878,0000100386,Packaging,2026-02-13,2026-02-13,100,0,83.27
4500047902,0000100387,Electronic sensors,2026-04-06,2026-04-06,5000,2,55.88
4500047917,0000100387,Electronic sensors,2026-04-10,2026-04-10,1000,0,45.3
4500047936,0000100387,Electronic sensors,2026-04-08,2026-04-08,1000,0,43.88
4500047953,0000100387,Electronic sensors,2026-04-22,2026-04-22,5000,0,96.09
4500047968,0000100388,Packaging,2026-01-24,2026-01-26,2000,2,9.96
4500047981,0000100388,Packaging,2026-01-12,2026-01-25,5000,4,93.52
4500048004,0000100388,Packaging,2026-04-26,2026-05-06,500,0,84.01
4500048032,0000100388,Packaging,2026-08-03,2026-08-12,1000,0,80.7
4500048038,0000100388,Packaging,2026-01-11,2026-01-11,100,0,69.91
4500048039,0000100388,Packaging,2026-02-02,2026-02-15,500,0,82.65
4500048063,0000100388,Packaging,2026-03-31,2026-04-08,200,0,39.35
4500048072,0000100388,Packaging,2026-07-03,2026-07-03,2000,2,84.07
4500048095,0000100388,Packaging,2026-03-25,2026-03-25,2000,2,82.27
4500048118,0000100388,Packaging,2026-07-25,2026-08-04,200,0,13.31
4500048139,0000100388,Packaging,2026-08-07,2026-08-07,500,1,10.56
4500048148,0000100388,Packaging,2026-03-24,2026-03-31,100,0,34.79
4500048178,0000100388,Packaging,2026-06-07,2026-06-11,5000,2,102.51
4500048201,0000100388,Packaging,2026-02-23,2026-02-23,500,0,60.86
4500048216,0000100388,Packaging,2026-08-21,2026-08-21,2000,1,57.82
4500048244,0000100388,Packaging,2026-06-05,2026-06-05,500,0,4.59
4500048274,0000100388,Packaging,2026-05-18,2026-05-23,5000,3,119.49
4500048292,0000100388,Packaging,2026-08-08,2026-08-08,100,0,83.65
4500048299,0000100388,Packaging,2026-09-01,2026-09-06,500,0,99.04
4500048311,0000100388,Packaging,2026-03-21,2026-03-21,200,1,47.27
4500048316,0000100388,Packaging,2026-03-17,2026-03-27,500,0,118.37
4500048344,0000100388,Packaging,2026-07-15,2026-07-15,100,1,85.96
4500048367,0000100388,Packaging,2026-04-21,2026-04-21,1000,1,68.72
4500048392,0000100388,Packaging,2026-08-19,2026-08-19,1000,1,52.74
4500048403,0000100388,Packaging,2026-02-05,2026-02-18,100,0,5.48
4500048417,0000100388,Packaging,2026-06-02,2026-06-02,2000,3,94.57
4500048432,0000100388,Packaging,2026-08-17,2026-08-17,200,0,41.99
4500048460,0000100388,Packaging,2026-01-10,2026-01-13,100,0,87.1
4500048486,0000100388,Packaging,2026-06-29,2026-07-01,1000,1,5.2
4500048515,0000100388,Packaging,2026-03-23,2026-03-23,2000,1,25.16
4500048526,0000100388,Packaging,2026-07-05,2026-07-05,100,0,3.07
4500048530,0000100388,Packaging,2026-01-18,2026-01-18,200,0,108.59
4500048549,0000100388,Packaging,2026-01-21,2026-01-21,500,0,29.84
4500048570,0000100388,Packaging,2026-07-26,2026-07-26,100,0,112.63
4500048598,0000100388,Packaging,2026-07-05,2026-07-19,2000,0,61.61
4500048606,SUP-0074,Valves,2026-05-22,2026-05-22,100,0,2.44
4500048629,SUP-0074,Valves,2026-02-04,2026-02-04,100,0,107.6
4500048653,SUP-0074,Valves,2026-06-01,2026-06-01,100,0,23.71
4500048670,SUP-0074,Valves,2026-03-02,2026-03-02,1000,0,6.88
4500048698,SUP-0074,Valves,2026-08-26,2026-08-26,200,0,35.09
4500048726,SUP-0074,Valves,2026-02-25,2026-02-25,100,0,83.31
4500048727,SUP-0074,Valves,2026-07-25,2026-07-25,2000,0,30.05
4500048744,SUP-0074,Valves,2026-03-03,2026-03-03,500,0,49.88
4500048749,SUP-0074,Valves,2026-03-09,2026-03-09,5000,0,61.1
4500048754,0000100391,Hoses & connectors,2026-02-19,2026-02-19,500,0,110.48
4500048783,0000100391,Hoses & connectors,2026-03-05,2026-03-05,1000,0,45.17
4500048803,0000100391,Hoses & connectors,2026-07-27,2026-07-27,100,0,70.58
4500048809,0000100391,Hoses & connectors,2026-07-22,2026-07-22,200,0,16.2
4500048810,0000100391,Hoses & connectors,2026-06-08,2026-06-08,5000,0,16.36
4500048822,0000100391,Hoses & connectors,2026-07-12,2026-07-20,1000,0,61.03
4500048829,0000100391,Hoses & connectors,2026-08-19,2026-08-19,5000,0,11.29
4500048853,0000100391,Hoses & connectors,2026-08-10,2026-08-24,200,0,24.69
4500048863,0000100391,Hoses & connectors,2026-08-30,2026-09-09,1000,0,21.91
4500048883,0000100391,Hoses & connectors,2026-05-16,2026-05-16,5000,1,22.08
4500048895,0000100391,Hoses & connectors,2026-03-15,2026-03-15,200,0,50.34
4500048917,0000100391,Hoses & connectors,2026-08-06,2026-08-06,2000,1,48.9
4500048924,0000100391,Hoses & connectors,2026-02-28,2026-02-28,5000,0,96.15
4500048931,0000100391,Hoses & connectors,2026-05-10,2026-05-10,500,0,108.69
4500048948,0000100391,Hoses & connectors,2026-02-16,2026-02-16,200,0,107.73
4500048973,0000100395,Electronic sensors,2026-04-03,2026-04-03,500,0,118.68
4500048987,0000100395,Electronic sensors,2026-03-25,2026-03-25,100,0,68.43
4500048999,0000100395,Electronic sensors,2026-01-25,2026-01-25,1000,0,68.49
4500049026,0000100395,Electronic sensors,2026-07-14,2026-07-14,100,0,85.17
4500049032,0000100395,Electronic sensors,2026-01-06,2026-01-15,1000,0,9.12
4500049051,0000100395,Electronic sensors,2026-07-23,2026-07-23,500,0,43.99
4500049074,0000100395,Electronic sensors,2026-05-09,2026-05-09,100,0,91.59
4500049076,0000100395,Electronic sensors,2026-04-08,2026-04-08,1000,0,23.13
4500049080,0000100395,Electronic sensors,2026-03-10,2026-03-10,200,0,70.43
4500049089,0000100395,Electronic sensors,2026-04-15,2026-04-15,1000,0,63.52
4500049119,0000100395,Electronic sensors,2026-03-26,2026-03-26,2000,0,101.28
4500049131,0000100395,Electronic sensors,2026-08-09,2026-08-09,500,0,34.25
4500049151,0000100395,Electronic sensors,2026-07-16,2026-07-16,100,0,36.47
4500049162,0000100395,Electronic sensors,2026-06-06,2026-06-06,5000,1,111.46
4500049172,0000100395,Electronic sensors,2026-06-05,2026-06-05,200,0,107.26
4500049175,0000100395,Electronic sensors,2026-08-21,2026-08-21,1000,0,84.48
4500049200,0000100395,Electronic sensors,2026-07-25,2026-07-25,200,0,9.8
4500049222,0000100395,Electronic sensors,2026-03-09,2026-03-09,200,0,74.12
4500049228,0000100395,Electronic sensors,2026-04-03,2026-04-03,200,0,43.4
4500049235,0000100395,Electronic sensors,2026-03-08,2026-03-08,2000,0,31.18
4500049251,0000100395,Electronic sensors,2026-08-04,2026-08-04,1000,0,104.21
4500049265,0000100395,Electronic sensors,2026-05-09,2026-05-09,100,0,90.02
4500049271,0000100395,Electronic sensors,2026-07-12,2026-07-12,5000,2,12.23
4500049292,0000100395,Electronic sensors,2026-01-29,2026-01-29,5000,2,42.28
4500049320,0000100395,Electronic sensors,2026-04-27,2026-04-27,500,0,113.39
4500049332,0000100395,Electronic sensors,2026-07-05,2026-07-05,100,0,57.87
4500049346,0000100395,Electronic sensors,2026-06-11,2026-06-11,100,0,15.06
4500049357,0000100395,Electronic sensors,2026-07-02,2026-07-02,5000,0,13.76
4500049368,0000100395,Electronic sensors,2026-05-03,2026-05-03,500,0,76.93
4500049397,0000100395,Electronic sensors,2026-06-17,2026-06-17,200,0,77.24
4500049398,0000100395,Electronic sensors,2026-03-09,2026-03-09,5000,0,103.05
4500049405,0000100395,Electronic sensors,2026-08-25,2026-08-25,5000,0,70.32
4500049406,0000100398,Brazed heat exchangers,2026-08-06,2026-08-06,1000,1,79.11
4500049407,0000100398,Brazed heat exchangers,2026-07-08,2026-07-08,100,0,63.44
4500049427,0000100398,Brazed heat exchangers,2026-03-09,2026-03-09,1000,0,76.12
4500049428,0000100398,Brazed heat exchangers,2026-05-19,2026-05-23,100,0,72.18
4500049430,0000100398,Brazed heat exchangers,2026-03-08,2026-03-11,100,0,78.87
4500049454,0000100398,Brazed heat exchangers,2026-05-01,2026-05-13,1000,1,40.38
4500049472,0000100398,Brazed heat exchangers,2026-05-11,2026-05-12,200,0,78.99
4500049497,0000100398,Brazed heat exchangers,2026-04-25,2026-04-26,500,0,111.95
4500049510,0000100401,Valves,2026-04-19,2026-04-19,1000,1,67.72
4500049530,0000100401,Valves,2026-05-05,2026-05-05,1000,0,24.39
4500049542,0000100401,Valves,2026-05-25,2026-05-25,200,0,89.2
4500049555,0000100401,Valves,2026-08-22,2026-08-22,100,0,60.15
4500049584,0000100401,Valves,2026-05-30,2026-05-30,2000,0,2.13
4500049591,0000100401,Valves,2026-06-02,2026-06-02,5000,0,54.2
4500049607,0000100401,Valves,2026-05-09,2026-05-09,1000,1,60.32
4500049609,0000100401,Valves,2026-08-26,2026-08-26,5000,1,94.21
4500049636,0000100401,Valves,2026-08-03,2026-08-03,500,0,24.85
4500049651,0000100401,Valves,2026-07-02,2026-07-02,200,0,85.61
4500049680,0000100401,Valves,2026-07-12,2026-07-12,5000,0,59.41
4500049696,0000100401,Valves,2026-07-07,2026-07-07,5000,0,105.0
4500049699,0000100401,Valves,2026-01-13,2026-01-17,100,0,48.16
4500049700,0000100401,Valves,2026-05-04,2026-05-04,2000,0,8.07
4500049704,0000100401,Valves,2026-02-07,2026-02-07,100,0,37.74
4500049705,0000100401,Valves,2026-05-24,2026-05-24,1000,0,36.3
4500049713,0000100401,Valves,2026-06-25,2026-06-25,2000,0,15.87
4500049731,0000100401,Valves,2026-07-26,2026-07-26,500,0,13.86
4500049745,0000100401,Valves,2026-08-07,2026-08-07,2000,0,17.17
4500049757,0000100401,Valves,2026-08-26,2026-08-26,200,0,35.29
4500049777,0000100401,Valves,2026-07-20,2026-07-20,200,0,35.51
4500049802,0000100401,Valves,2026-07-28,2026-07-28,1000,0,35.55
4500049823,0000100401,Valves,2026-05-09,2026-05-09,100,0,102.3
4500049843,0000100401,Valves,2026-01-15,2026-01-15,500,0,37.01
4500049862,0000100401,Valves,2026-01-31,2026-01-31,200,0,28.71
4500049864,0000100401,Valves,2026-05-15,2026-05-30,500,0,30.29
4500049892,0000100401,Valves,2026-02-07,2026-02-07,500,0,55.19
4500049908,0000100401,Valves,2026-07-30,2026-07-30,1000,0,29.47
4500049935,0000100401,Valves,2026-08-12,2026-08-12,200,0,113.74
4500049936,0000100401,Valves,2026-04-30,2026-04-30,200,0,109.96
4500049957,0000100401,Valves,2026-08-31,2026-08-31,100,0,25.61
4500049973,0000100401,Valves,2026-07-14,2026-07-18,5000,0,70.26
4500049977,0000100401,Valves,2026-05-01,2026-05-01,1000,0,19.92
4500049988,0000100405,Plastic housings,2026-01-25,2026-01-25,500,0,106.06
4500050009,0000100405,Plastic housings,2026-01-05,2026-01-12,2000,0,51.48
4500050028,0000100405,Plastic housings,2026-02-15,2026-02-15,100,0,102.76
4500050047,0000100405,Plastic housings,2026-05-07,2026-05-07,2000,0,87.64
4500050068,0000100405,Plastic housings,2026-03-16,2026-03-16,100,0,25.7
4500050076,0000100405,Plastic housings,2026-05-19,2026-05-31,200,0,25.14
4500050106,0000100405,Plastic housings,2026-01-28,2026-01-28,1000,0,116.76
4500050110,0000100405,Plastic housings,2026-05-23,2026-05-23,5000,1,25.17
4500050117,0000100405,Plastic housings,2026-07-12,2026-07-12,2000,0,42.88
4500050129,0000100405,Plastic housings,2026-05-15,2026-05-15,500,0,9.29
4500050131,0000100405,Plastic housings,2026-03-19,2026-03-19,500,0,38.76
4500050136,0000100405,Plastic housings,2026-07-20,2026-07-30,2000,1,26.05
4500050166,0000100405,Plastic housings,2026-05-02,2026-05-07,2000,0,53.8
4500050169,0000100405,Plastic housings,2026-07-22,2026-07-22,5000,1,89.43
4500050191,0000100405,Plastic housings,2026-06-27,2026-07-07,5000,1,44.9
4500050196,0000100405,Plastic housings,2026-07-18,2026-07-20,5000,0,64.51
4500050222,0000100405,Plastic housings,2026-07-22,2026-07-22,1000,0,76.55
4500050239,0000100405,Plastic housings,2026-03-23,2026-03-31,5000,1,83.3
4500050257,0000100405,Plastic housings,2026-06-09,2026-06-09,500,0,72.08
4500050263,0000100405,Plastic housings,2026-04-22,2026-04-22,1000,0,44.5
4500050290,0000100405,Plastic housings,2026-06-29,2026-06-29,200,1,69.27
4500050307,0000100405,Plastic housings,2026-01-07,2026-01-22,500,0,93.41
4500050321,0000100405,Plastic housings,2026-04-27,2026-04-27,100,0,26.92
4500050333,0000100405,Plastic housings,2026-07-17,2026-07-17,2000,0,114.36
4500050352,0000100405,Plastic housings,2026-01-07,2026-01-07,5000,1,107.46
4500050357,0000100405,Plastic housings,2026-02-13,2026-02-13,2000,0,102.41
4500050358,0000100405,Plastic housings,2026-06-03,2026-06-03,2000,0,94.27
4500050374,0000100405,Plastic housings,2026-06-17,2026-06-17,200,0,95.92
4500050377,0000100405,Plastic housings,2026-03-19,2026-03-30,500,0,86.6
4500050405,0000100405,Plastic housings,2026-03-24,2026-03-24,2000,1,93.53
4500050420,0000100406,Valves,2026-02-22,2026-02-28,2000,8,13.42
4500050441,0000100406,Valves,2026-02-05,2026-02-05,5000,23,30.01
4500050461,0000100406,Valves,2026-02-18,2026-03-01,500,2,96.54
4500050489,0000100406,Valves,2026-03-14,2026-03-25,500,6,84.99
4500050506,0000100406,Valves,2026-06-29,2026-06-29,500,1,25.56
4500050510,0000100406,Valves,2026-03-20,2026-03-26,2000,14,63.88
4500050519,0000100406,Valves,2026-02-26,2026-02-26,200,2,43.59
4500050524,0000100406,Valves,2026-04-17,2026-04-28,100,0,80.14
4500050543,0000100406,Valves,2026-03-29,2026-04-12,2000,6,13.82
4500050562,0000100406,Valves,2026-01-21,2026-01-21,100,0,55.12
4500050587,0000100406,Valves,2026-01-23,2026-01-24,1000,9,60.68
4500050607,0000100406,Valves,2026-02-17,2026-02-17,2000,10,3.37
4500050629,0000100406,Valves,2026-02-04,2026-02-04,500,4,83.26
4500050640,0000100406,Valves,2026-04-29,2026-05-02,100,1,47.13
4500050668,0000100406,Valves,2026-08-10,2026-08-15,500,0,84.4
4500050684,0000100406,Valves,2026-06-07,2026-06-14,5000,22,67.79
4500050704,0000100406,Valves,2026-06-21,2026-07-02,500,1,116.08
4500050732,0000100406,Valves,2026-04-08,2026-04-13,5000,26,46.2
4500050758,0000100406,Valves,2026-06-02,2026-06-02,1000,4,96.11
4500050784,0000100406,Valves,2026-08-14,2026-08-26,100,1,36.04
4500050805,0000100406,Valves,2026-05-15,2026-05-15,200,0,14.12
4500050814,0000100406,Valves,2026-05-17,2026-05-25,2000,6,5.51
4500050836,0000100406,Valves,2026-06-14,2026-06-14,1000,3,77.0
4500050859,0000100406,Valves,2026-03-04,2026-03-04,500,5,95.32
4500050865,0000100406,Valves,2026-01-16,2026-01-30,5000,23,65.04
4500050887,0000100406,Valves,2026-08-10,2026-08-10,100,0,112.7
4500050897,0000100406,Valves,2026-05-02,2026-05-02,500,2,4.5
